thetacrank,Fx,Fy,sigmax1,sigmay1,tauxy1,sigma11,sigmax2,sigmay2,tauxy2,sigma12,sigmax3,sigmay3,tauxy3,sigma13,sigmax4,sigmay4,tauxy4,sigma14
0.0,0.0,-509.31500099997726,0.0,-611178.0011999727,0.0,0.0,0.0,-579565.3459654911,0.0,0.0,0.0,-477162.48139607377,0.0,0.0,0.0,-565905.5566666414,0.0,0.0
0.03173325912716963,3.8782829955145157,-509.30023479732813,69809.09391926129,-611160.2817567937,3878.282995514516,69831.18094944739,0.0,-579548.5430452353,7756.5659910290315,103.79379526205594,226800.17517628748,-477148.64736824617,1.745227347981532,226800.17518061423,0.0,-565889.149774809,8618.406656698924,131.22660667286254
0.06346651825433926,7.752660888795082,-509.25599308476495,139547.89599831146,-611107.1917017179,7752.6608887950815,139627.95585837262,0.0,-579498.199027491,15505.321777590163,414.5709766399814,453371.98180088203,-477107.19858840184,3.4886973999577866,453371.98181396245,0.0,-565839.9923164055,17228.135308433517,524.0598252719501
0.0951997773815089,11.619232509723387,-509.18244635836754,209146.18517502095,-611018.935630041,11619.232509723386,209310.76115543966,0.0,-579414.5079250388,23238.465019446772,930.5261951258872,679487.2812703735,-477038.2947893827,5.228654629375524,679487.2812940122,0.0,-565758.2737315195,25820.516688274194,1175.9724985442008
0.12693303650867852,15.474104548440277,-509.07987814490446,278533.88187192497,-610895.8537738854,15474.104548440275,278803.0155303315,0.0,-579297.7923717876,30948.20909688055,1648.6745352004655,904918.3946456303,-476942.20159921097,6.963347046798123,904918.3946807194,0.0,-565644.3090498939,34386.89899653395,2082.79438386159
0.15866629563584814,19.31339547555847,-508.94868405253936,347641.1185600525,-610738.4208630472,19313.395475558467,348030.16681381216,0.0,-579148.5025425446,38626.79095111694,2564.886775137391,1129438.331904004,-476819.2896517236,8.69102796400131,1129438.331951029,0.0,-565498.5378361548,42918.656612352155,3238.773068150156
0.1903995547630178,23.13323945056021,-508.78937044333964,416398.3101100838,-610547.2445320076,23133.239450560213,416919.1512487084,0.0,-578967.2146424208,46266.47890112042,3673.937315813324,1352821.020500597,-476670.033342884,10.409957752752096,1352821.0205598306,0.0,-565321.5227148219,51407.19877902269,4636.656134388293
0.2221328138901874,26.929790214355286,-508.6025527291597,484736.2238583952,-610323.0632749916,26929.790214355286,485398.0834958828,0.0,-578754.6289676643,53859.58042871058,4969.563437153178,1574841.5330032331,-476495.0092342443,12.118405596459876,1574841.5330748232,0.0,-565113.9474768441,59843.978254122856,6267.791718931403
0.25386607301735703,30.69922496214457,-508.38895329297867,552586.0493186023,-610066.7439515744,30699.224962144566,553396.081571118,0.0,-578511.567540286,61398.44992428914,6444.534284446097,1795276.313575706,-476294.894105507,13.814651232965055,1795276.3136597204,0.0,-564876.6147699764,68220.49991587682,8122.244113781548
0.28559933214452665,34.43774819266115,-508.1493990383396,619879.4674679006,-609779.2788460075,34437.74819266114,620843.1736786463,0.0,-578238.9713194898,68875.49638532229,8090.727809577133,2013903.4030795994,-476070.4626586654,15.496986686697515,2013903.4031760488,0.0,-564610.4433759329,76528.32931702478,10188.920783890353
0.3173325912716963,38.14159552990864,-507.8848185701554,686548.7195383556,-609461.7822841866,38141.59552990864,687670.2563335745,0.0,-577937.896993625,76283.19105981728,9899.213798240351,2230502.662567757,-475822.5848767822,17.163717988458888,2230502.662676611,0.0,-564316.4650779505,84759.10117757476,12455.707087018644
0.3490658503988659,41.807037513581044,-507.5962390108351,752526.675244459,-609115.4868130021,41807.03751358104,753809.0854535254,0.0,-577609.5133571571,83614.0750271621,11860.34110102884,2444855.9949462605,-475552.22304111056,18.813166881111467,2444855.995067454,0.0,-563995.8211231502,92904.52780795787,14909.605086502968
0.3807991095260356,45.430383354310344,-507.2847824564494,817746.9003775863,-608741.7389477394,45430.38335431034,819192.2890938635,0.0,-577255.0972780285,90860.76670862068,13963.827246427885,2656747.564579552,-475260.428410978,20.44367250943965,2656747.5647129947,0.0,-563649.7582849438,100956.40745402299,17536.873106695013
0.4125323686532052,49.007984649969515,-506.9516620785015,882143.7236994513,-608341.9944942017,49007.98464996951,883753.394620609,0.0,-576876.0292617428,98015.96929993904,16198.8487359992,2865964.0146181006,-474948.3375716484,22.05359309248628,2865964.0147636775,0.0,-563279.6245316684,108906.63255548781,20323.163060132472
0.4442656277803748,52.53623905931461,-506.59817787780224,945652.303067663,-607917.8134533627,52536.23905931461,947426.865614244,0.0,-576473.788619568,105072.47811862922,18554.130492669123,3072294.6818312644,-474617.1684562507,23.641307576691574,3072294.6819888414,0.0,-562886.8643086692,116747.19790958802,23253.653034467367
0.47599888690754444,56.01159392923492,-506.22571209798633,1008208.6907262288,-607470.8545175836,56011.59392923492,1010148.1453535196,0.0,-576049.9482494326,112023.18785846984,21018.033137246384,3275531.8087271885,-474268.21604883455,25.205217268155707,3275531.8088966114,0.0,-562473.013442207,124470.20873163316,26313.17312653613
0.5077321460347141,59.43054987196714,-505.8357243073313,1069749.8976954087,-607002.8691687975,59430.549871967145,1071853.7047227696,0.0,-575606.1690393769,118861.09974393426,23578.636991681647,3475470.7527466165,-473902.8477766695,26.743747442385214,3475470.752927716,0.0,-562039.6936748126,132067.88860437143,29486.323015844682
0.5394654051618837,62.7896642886901,-505.4297461587717,1130213.957196422,-606515.695390526,62789.664288690095,1132481.0930345836,0.0,-575144.1939048091,125579.32857738019,26223.82193684549,3671910.192321059,-473522.4986010533,28.255348929910543,3671910.1925136475,0.0,-561588.6068430797,139532.58730820022,32757.58025149489
0.5711986642890533,66.08555483592659,-505.00937583933484,1189539.9870466788,-606011.2510072018,66085.55483592658,1191968.99069015,0.0,-574665.8414723463,132171.10967185316,28941.34247642057,3864652.3295863504,-473128.66581714957,29.738499676166967,3864652.329790229,0.0,-561121.528710372,146856.78852428132,36111.398663971224
0.6029319234162229,69.31490283127519,-504.57627222165104,1247668.2509629535,-605491.5266659813,69314.90283127519,1250257.2628925543,0.0,-574172.9994246373,138629.80566255038,31718.897568071843,4053503.089548257,-472722.9035747066,31.191706274073834,4053503.08976321,0.0,-560640.3024685011,154033.11740283377,39532.29669264634
0.6346651825433925,72.47445659504642,-504.13214873171853,1304540.2187108356,-604958.5784780622,72474.45659504642,1307287.013829557,0.0,-573667.6175223003,144948.91319009283,34544.19497186382,4238272.315499791,-472306.81713294383,32.613505467770885,4238272.315725589,0.0,-560146.8319241317,161054.34798899206,43004.93573426758
0.6663984416705622,75.5610347244214,-503.67876694871865,1360098.6250395854,-604414.5203384623,75561.03472442139,1363000.6408830946,0.0,-573151.7003209556,151122.0694488428,37405.010029906756,4418773.960492481,-471882.0568644042,34.00246562598963,4418773.960728884,0.0,-559643.0743874651,167913.41049871425,46514.18886575539
0.6981317007977318,78.57152929686559,-503.21792995436743,1414287.5273435807,-603861.515945241,78571.5292968656,1417341.8885238548,0.0,-572627.2996032456,157143.05859373117,40289.23892858904,4594826.274670503,-471450.31202415406,35.35718818358951,4594826.274917258,0.0,-559131.0332826305,174603.3984374791,50045.20047941583
0.7298649599249014,81.50290899952995,-502.75147545106336,1467052.3619915391,-603301.770541276,81502.90899952994,1470255.9016203457,0.0,-572096.5065477616,163005.8179990599,43184.9466051425,4766251.9882766055,-471013.3043023749,36.67630904978847,4766251.9885334475,0.0,-558612.7505011815,181117.57555451102,53583.437495861144
0.7615982190520711,84.35222218153817,-502.28126866989896,1518339.999267687,-602737.5224038787,84352.22218153816,1521689.2779464303,0.0,-571561.4436588504,168704.44436307633,46080.409545132774,4932878.490148431,-470572.78118008486,37.95849998169217,4932878.490415084,0.0,-558090.29852211,187449.38262564037,57114.73289750685
0.7933314781792408,87.11659982604044,-501.80919509147736,1568098.796868728,-602171.0341097729,87116.59982604044,1571590.1197088286,0.0,-571024.2564834051,174233.1996520809,48964.15377857507,5094538.0015228335,-470130.5091094824,39.2024699217182,5094538.001799011,0.0,-557565.7723238637,193592.44405786766,60625.3223614851
0.8250647373064104,89.79325843907698,-501.33715300434295,1616278.6519033858,-601604.5836052116,89793.25843907698,1619908.083947089,0.0,-570487.1051428729,179586.51687815395,51824.98842282675,5251067.744975262,-469688.2665421553,40.40696629758464,5251067.745260665,0.0,-557041.2811159366,199540.57430905997,64101.874774008174
0.85679799643358,92.3795028523132,-500.8670459277255,1662831.0513416375,-601040.4551132706,92379.50285231319,1666594.4316798672,0.0,-569952.1557108599,184759.00570462638,54652.035142929235,5402310.108322409,-469247.83683016914,41.57077628354094,5402310.108616731,0.0,-556518.939919695,205287.78411625154,67531.51738611556
0.8885312555607496,94.87272893685231,-500.40077492713914,1707709.1208633417,-600480.929912567,94872.7289368523,1711602.0756898404,0.0,-569421.5714688133,189745.45787370464,57434.7539080166,5548112.803324697,-468811.0010267744,42.69272802158354,5548112.80362762,0.0,-556000.8610301546,210828.2865263385,70901.85633068159
0.9202645146879193,97.2704262253695,-499.9402308531909,1750867.6720566512,-599928.277023829,97270.4262253695,1754885.626852353,0.0,-568897.5040743205,194540.85245073898,60162.965418526495,5688329.019027457,-468379.53061517066,43.77169180141627,5688329.019338656,0.0,-555489.1453924343,216156.50272304335,74200.99316825188
0.9519977738150889,99.57018043993764,-499.4872865356686,1792263.2479188778,-599384.7438428024,99570.18043993766,1796401.4389244667,0.0,-568382.0846785193,199140.36087987528,62826.87056617212,5822817.569586997,-467955.18019537383,44.80658119797194,5822817.569906136,0.0,-554985.8739285207,221267.06764430588,77417.53806988231
0.9837310329422585,101.76967592300618,-499.04378896659273,1831854.1666141113,-598852.5467599112,101769.67592300617,1836107.651719921,0.0,-567877.4150309502,203539.35184601235,65417.06726927543,5951443.036433111,-467539.68016074324,45.796354165352774,5951443.036759846,0.0,-554493.0988517697,226154.8353844582,80540.6201824327
1.0154642920694281,103.86669796906651,-498.6115515073929,1869600.5634431974,-598333.8618088715,103866.6979690665,1873964.232602424,0.0,-567385.5586118607,207733.39593813298,67924.5650022144,6074075.904623774,-467134.72939711134,46.74001408607992,6074075.904957753,0.0,-554012.8350082143,230814.88437570335,83559.89565871318
1.0471975511965979,105.85913505467447,-498.1923461566657,1905464.4309841408,-597830.8153879988,105859.13505467447,1909933.0162365504,0.0,-566908.531833447,211718.27010934893,70340.79731124727,6190592.6932558175,-466741.9880386695,47.63661077460351,6190592.693596682,0.0,-553547.0512851841,235242.52234372104,86465.55377379816
1.0789308103237674,107.74498096457687,-497.78789591607165,1939409.6573623838,-597345.4750992861,107744.98096457685,1943977.7425404035,0.0,-566448.2953527711,215489.9619291537,72657.63258110837,6300876.079799818,-466363.0703157983,48.48524143405959,6300876.080147199,0.0,-553097.6621289685,239433.29103239306,89248.32149104791
1.110664069450937,109.52233681179925,-497.39986729279457,1971402.062612387,-596879.8407513535,109522.33681179925,1976064.0927889296,0.0,-566006.7455400764,219044.67362359847,74867.38328874618,6404815.018233876,-465999.53753083793,49.28505156530966,6404815.018587403,0.0,-552666.5192142162,243382.97069288723,91899.46678801312
1.1423973285781066,111.18941294966332,-497.0298629775842,2001409.43309394,-596435.835573101,111189.41294966332,2006159.723821005,0.0,-565585.706146906,222378.82589932662,76962.81395319244,6502304.850857506,-465652.8911983592,50.03523582734849,6502304.851216797,0.0,-552255.4033084268,247087.58433258516,94410.80100394582
1.1741305877052763,112.74453077380993,-496.6794147377162,2029401.5539285787,-596015.2976852594,112744.53077380994,2034234.3003071386,0.0,-565186.9202187804,225489.06154761987,78937.14796442672,6593247.413673095,-465324.5663867829,50.735038848214465,6593247.414037765,0.0,-551866.0163752402,250543.4017195776,96774.68042731425
1.2058638468324459,114.18612441241177,-496.34997656419813,2055350.2394234121,-595619.9718770378,114186.12441241177,2060259.525038016,0.0,-564812.0422971909,228372.24882482353,80784.07344965765,6677551.13522876,-465015.9252981956,51.38375598558529,6677551.1355984155,0.0,-551499.9739602201,253746.94313869282,98984.0073035176
1.2375971059596156,115.5127423028735,-496.0429181122101,2079229.3614517234,-595251.5017346521,115512.74230287349,2084209.1671973504,0.0,-564462.6309552734,231025.484605747,82497.74831294955,6755131.128823013,-464728.2511228884,51.98073403629307,6755131.1291972585,0.0,-551158.7979024557,256694.98289527447,101032.23040974297
1.269330365086785,116.72304865343229,-495.7595184730751,2101014.8757617814,-594911.4221676901,116723.04865343228,2106059.0885855462,0.0,-564140.1417107405,233446.09730686457,84072.8045637203,6825909.277978497,-464462.7422044963,52.525371894044525,6825909.278356928,0.0,-550843.9094145279,259384.55256318286,102913.34531531221
1.3010636242139548,117.81582478818666,-495.5009603149989,2120684.8461873597,-594601.1523779987,117815.82478818667,2125787.2677635397,0.0,-563845.9203584469,235631.6495763733,85504.35203136713,6889814.315098636,-464220.50655062665,53.01712115468399,6889814.31548085,0.0,-550556.622572221,261812.94397374813,104621.89442156442
1.3327968833411243,118.78997037419863,-495.2683244283889,2138219.4667355753,-594321.9893140667,118789.97037419863,2143373.8220889815,0.0,-563581.196763339,237579.94074839726,86787.98154710408,6946781.893227992,-464002.55672252685,53.45548666838938,6946781.893613577,0.0,-550298.1382537654,263977.71194266365,106152.96685492789
1.364530142468294,119.64450452943852,-495.06258470976377,2153601.0815298934,-594075.1016517165,119644.50452943853,2158801.0276196883,0.0,-563347.0791524897,239289.00905887704,87919.76765995187,6996754.650844359,-463809.805135654,53.84002703824733,6996754.651232902,0.0,-550069.5385664043,265876.6767320856,107502.19826995104
1.3962634015954636,120.37856681044717,-494.88460361610515,2166814.2025880488,-593861.5243393262,120378.56681044717,2172053.3368617063,0.0,-563144.5489424644,240757.1336208943,88896.27094153571,7039682.269616794,-463643.0598009888,54.17035506470122,7039682.270007878,0.0,-549871.7817956724,267507.92624543817,108665.77060524136
1.4279966607226333,120.99141807873286,-494.7351281189806,2177845.5254171914,-593682.1537427767,120991.41807873285,2183117.394342263,0.0,-562974.4561353915,241982.83615746573,89714.53992384532,7075521.525072099,-463503.0205345705,54.446138135429784,7075521.525465304,0.0,-549705.6979099785,268869.8179527397,109640.4118241999
1.4597299198498028,121.48244124501565,-494.61478618492407,2186683.942410282,-593537.7434219089,121482.44124501564,2191982.0499899704,0.0,-562837.515313879,242964.8824900313,90372.11270510958,7104236.330117876,-463390.27566006716,54.66709856025704,7104236.330512781,0.0,-549571.9846499156,269960.9805444792,110423.3956636379
1.4914631789769726,121.85114189059101,-494.52408380539555,2193320.554030638,-593428.9005664747,121851.14189059101,2198638.37030782,0.0,-562734.302261312,243702.28378118202,90867.01825139468,7125797.771379592,-463305.29922623077,54.83301385076595,7125797.771775773,0.0,-549471.2042282172,270780.3153124245,111012.54140663188
1.5231964381041423,122.0971487651613,-494.4634025962133,2197748.6777729033,-593356.0831154559,122097.14876516128,2203079.6473261453,0.0,-562665.2512301736,244194.29753032257,91197.77741506358,7140184.138313527,-463248.44875787495,54.943716944322574,7140184.13871056,0.0,-549403.7806624592,271326.997255914,111406.21369076794
1.5549296972313118,122.22021416065711,-494.43299798266895,2199963.8548918283,-593319.5975792027,122220.2141606571,2205301.4053261206,0.0,-562630.6528768301,244440.4283213142,91363.40368588321,7147380.945067667,-463219.96355556155,54.999096372295696,7147380.945465127,0.0,-549369.9977585211,271600.47591257136,111603.32235920843
1.5866629563584815,122.22021416065711,-494.43299798266895,2199963.8548918283,-593319.5975792027,122220.2141606571,2205301.4053261206,0.0,-562630.6528768301,244440.4283213142,91363.40368588321,7147380.945067667,-463219.96355556155,54.999096372295696,7147380.945465127,0.0,-549369.9977585211,271600.47591257136,111603.32235920843
1.618396215485651,122.09714876516084,-494.4634025962134,2197748.6777728954,-593356.083115456,122097.14876516083,2203079.647326137,0.0,-562665.2512301737,244194.29753032167,91197.777415063,7140184.1383135,-463248.448757875,54.943716944322375,7140184.138710533,0.0,-549403.7806624593,271326.997255913,111406.21369076718
1.6501294746128208,121.85114189059101,-494.52408380539555,2193320.554030638,-593428.9005664747,121851.14189059101,2198638.37030782,0.0,-562734.302261312,243702.28378118202,90867.01825139468,7125797.771379592,-463305.29922623077,54.83301385076595,7125797.771775773,0.0,-549471.2042282172,270780.3153124245,111012.54140663188
1.6818627337399903,121.48244124501565,-494.61478618492407,2186683.942410282,-593537.7434219089,121482.44124501564,2191982.0499899704,0.0,-562837.515313879,242964.8824900313,90372.11270510958,7104236.330117876,-463390.27566006716,54.66709856025704,7104236.330512781,0.0,-549571.9846499156,269960.9805444792,110423.3956636379
1.71359599286716,120.9914180787324,-494.7351281189807,2177845.525417183,-593682.1537427768,120991.4180787324,2183117.394342255,0.0,-562974.4561353916,241982.83615746477,89714.53992384463,7075521.525072071,-463503.0205345706,54.44613813542957,7075521.525465276,0.0,-549705.6979099786,268869.81795273867,109640.41182419914
1.7453292519943295,120.37856681044764,-494.88460361610504,2166814.202588057,-593861.5243393261,120378.56681044764,2172053.3368617147,0.0,-563144.5489424643,240757.13362089527,88896.27094153635,7039682.269616822,-463643.0598009887,54.17035506470143,7039682.270007906,0.0,-549871.7817956723,267507.9262454392,108665.77060524205
1.7770625111214993,119.64450452943805,-495.0625847097639,2153601.0815298855,-594075.1016517166,119644.50452943804,2158801.0276196804,0.0,-563347.0791524898,239289.0090588761,87919.76765995129,6996754.650844332,-463809.80513565405,53.840027038247115,6996754.651232874,0.0,-550069.5385664044,265876.67673208454,107502.19826995034
1.8087957702486688,118.78997037419839,-495.26832442838895,2138219.466735571,-594321.9893140667,118789.9703741984,2143373.8220889773,0.0,-563581.196763339,237579.94074839677,86787.98154710373,6946781.893227977,-464002.5567225269,53.45548666838927,6946781.893613562,0.0,-550298.1382537655,263977.71194266307,106152.96685492748
1.8405290293758385,117.81582478818618,-495.500960314999,2120684.8461873513,-594601.1523779988,117815.82478818618,2125787.2677635313,0.0,-563845.920358447,235631.64957637232,85504.35203136649,6889814.315098608,-464220.5065506268,53.01712115468377,6889814.315480822,0.0,-550556.6225722211,261812.94397374705,104621.89442156366
1.872262288503008,116.72304865343229,-495.7595184730751,2101014.8757617814,-594911.4221676901,116723.04865343228,2106059.0885855462,0.0,-564140.1417107405,233446.09730686457,84072.8045637203,6825909.277978497,-464462.7422044963,52.525371894044525,6825909.278356928,0.0,-550843.9094145279,259384.55256318286,102913.34531531221
1.9039955476301778,115.51274230287373,-496.04291811221003,2079229.3614517276,-595251.501734652,115512.74230287374,2084209.1671973548,0.0,-564462.6309552733,231025.48460574745,82497.74831294984,6755131.128823026,-464728.25112288835,51.98073403629317,6755131.129197272,0.0,-551158.7979024556,256694.98289527497,101032.23040974332
1.9357288067573473,114.18612441241203,-496.3499765641981,2055350.2394234163,-595619.9718770377,114186.12441241203,2060259.5250380205,0.0,-564812.0422971908,228372.24882482406,80784.073449658,6677551.135228774,-465015.92529819557,51.38375598558541,6677551.1355984295,0.0,-551499.9739602201,253746.9431386934,98984.00730351801
1.967462065884517,112.74453077380967,-496.67941473771623,2029401.5539285743,-596015.2976852595,112744.53077380967,2034234.3003071342,0.0,-565186.9202187804,225489.06154761932,78937.14796442637,6593247.413673081,-465324.566386783,50.735038848214344,6593247.414037751,0.0,-551866.0163752403,250543.40171957706,96774.6804273139
1.9991953250116865,111.18941294966332,-497.0298629775842,2001409.43309394,-596435.835573101,111189.41294966332,2006159.723821005,0.0,-565585.706146906,222378.82589932662,76962.81395319244,6502304.850857506,-465652.8911983592,50.03523582734849,6502304.851216797,0.0,-552255.4033084268,247087.58433258516,94410.80100394582
2.0309285841388562,109.5223368117995,-497.3998672927945,1971402.0626123913,-596879.8407513534,109522.33681179951,1976064.092788934,0.0,-566006.7455400764,219044.673623599,74867.38328874653,6404815.01823389,-465999.5375308379,49.28505156530977,6404815.018587416,0.0,-552666.5192142162,243382.9706928878,91899.46678801347
2.0626618432660258,107.74498096457714,-497.7878959160716,1939409.6573623884,-597345.475099286,107744.98096457715,1943977.7425404082,0.0,-566448.295352771,215489.96192915426,72657.63258110866,6300876.079799833,-466363.0703157982,48.4852414340597,6300876.080147214,0.0,-553097.6621289684,239433.29103239364,89248.32149104832
2.0943951023931957,105.85913505467447,-498.1923461566657,1905464.4309841408,-597830.8153879988,105859.13505467447,1909933.0162365504,0.0,-566908.531833447,211718.27010934893,70340.79731124727,6190592.6932558175,-466741.9880386695,47.63661077460351,6190592.693596682,0.0,-553547.0512851841,235242.52234372104,86465.55377379816
2.126128361520365,103.86669796906624,-498.61155150739296,1869600.5634431923,-598333.8618088715,103866.69796906623,1873964.2326024189,0.0,-567385.5586118608,207733.39593813245,67924.5650022141,6074075.904623757,-467134.7293971114,46.74001408607981,6074075.904957736,0.0,-554012.8350082145,230814.88437570276,83559.89565871278
2.1578616206475347,101.76967592300589,-499.0437889665928,1831854.1666141064,-598852.5467599113,101769.6759230059,1836107.6517199161,0.0,-567877.4150309502,203539.3518460118,65417.06726927508,5951443.036433094,-467539.6801607433,45.796354165352646,5951443.036759829,0.0,-554493.0988517698,226154.83538445755,80540.62018243229
2.1895948797747042,99.57018043993793,-499.48728653566855,1792263.2479188829,-599384.7438428022,99570.18043993793,1796401.4389244718,0.0,-568382.0846785193,199140.36087987587,62826.87056617247,5822817.569587014,-467955.1801953738,44.806581197972065,5822817.569906153,0.0,-554985.8739285206,221267.06764430652,77417.53806988272
2.221328138901874,97.27042622536894,-499.940230853191,1750867.672056641,-599928.2770238292,97270.42622536892,1754885.6268523429,0.0,-568897.5040743207,194540.85245073785,60162.965418525855,5688329.019027424,-468379.5306151708,43.77169180141601,5688329.019338623,0.0,-555489.1453924344,216156.5027230421,74200.99316825107
2.2530613980290437,94.87272893685261,-500.4007749271391,1707709.120863347,-600480.9299125669,94872.7289368526,1711602.0756898457,0.0,-569421.5714688132,189745.45787370522,57434.75390801695,5548112.803324714,-468811.00102677435,42.692728021583676,5548112.803627638,0.0,-556000.8610301545,210828.28652633913,70901.85633068194
2.284794657156213,92.37950285231288,-500.86704592772554,1662831.051341632,-601040.4551132707,92379.50285231287,1666594.4316798614,0.0,-569952.1557108599,184759.00570462574,54652.035142928886,5402310.108322391,-469247.8368301692,41.57077628354079,5402310.108616713,0.0,-556518.939919695,205287.78411625084,67531.5173861151
2.3165279162833827,89.79325843907668,-501.337153004343,1616278.6519033802,-601604.5836052116,89793.25843907667,1619908.0839470834,0.0,-570487.105142873,179586.51687815334,51824.98842282646,5251067.744975245,-469688.2665421553,40.4069662975845,5251067.745260648,0.0,-557041.2811159367,199540.5743090593,64101.87477400777
2.3482611754105527,87.11659982604078,-501.8091950914773,1568098.796868734,-602171.0341097728,87116.5998260408,1571590.1197088347,0.0,-571024.256483405,174233.19965208156,48964.15377857542,5094538.001522853,-470130.50910948234,39.20246992171835,5094538.00179903,0.0,-557565.7723238637,193592.44405786842,60625.32236148551
2.379994434537722,84.35222218153817,-502.28126866989896,1518339.999267687,-602737.5224038787,84352.22218153816,1521689.2779464303,0.0,-571561.4436588504,168704.44436307633,46080.409545132774,4932878.490148431,-470572.78118008486,37.95849998169217,4932878.490415084,0.0,-558090.29852211,187449.38262564037,57114.73289750685
2.4117276936648917,81.50290899952995,-502.75147545106336,1467052.3619915391,-603301.770541276,81502.90899952994,1470255.9016203457,0.0,-572096.5065477616,163005.8179990599,43184.9466051425,4766251.9882766055,-471013.3043023749,36.67630904978847,4766251.9885334475,0.0,-558612.7505011815,181117.57555451102,53583.437495861144
2.443460952792061,78.57152929686559,-503.21792995436743,1414287.5273435807,-603861.515945241,78571.5292968656,1417341.8885238548,0.0,-572627.2996032456,157143.05859373117,40289.23892858904,4594826.274670503,-471450.31202415406,35.35718818358951,4594826.274917258,0.0,-559131.0332826305,174603.3984374791,50045.20047941583
2.475194211919231,75.56103472442179,-503.6787669487186,1360098.6250395924,-604414.5203384623,75561.03472442178,1363000.6408831016,0.0,-573151.7003209555,151122.06944884357,37405.010029907105,4418773.960492503,-471882.0568644041,34.0024656259898,4418773.960728906,0.0,-559643.0743874651,167913.4104987151,46514.18886575586
2.5069274710464007,72.47445659504562,-504.13214873171864,1304540.2187108214,-604958.5784780624,72474.45659504562,1307287.0138295428,0.0,-573667.6175223005,144948.91319009123,34544.194971863064,4238272.315499744,-472306.8171329439,32.61350546777052,4238272.315725543,0.0,-560146.8319241318,161054.34798899028,43004.935734266706
2.53866073017357,69.31490283127519,-504.57627222165104,1247668.2509629535,-605491.5266659813,69314.90283127519,1250257.2628925543,0.0,-574172.9994246373,138629.80566255038,31718.897568071843,4053503.089548257,-472722.9035747066,31.191706274073834,4053503.08976321,0.0,-560640.3024685011,154033.11740283377,39532.29669264634
2.57039398930074,66.08555483592659,-505.00937583933484,1189539.9870466788,-606011.2510072018,66085.55483592658,1191968.99069015,0.0,-574665.8414723463,132171.10967185316,28941.34247642057,3864652.3295863504,-473128.66581714957,29.738499676166967,3864652.329790229,0.0,-561121.528710372,146856.78852428132,36111.398663971224
2.6021272484279097,62.789664288689636,-505.42974615877176,1130213.9571964135,-606515.6953905261,62789.66428868964,1132481.0930345752,0.0,-575144.1939048092,125579.32857737927,26223.82193684514,3671910.192321032,-473522.4986010534,28.255348929910333,3671910.1925136205,0.0,-561588.6068430798,139532.5873081992,32757.580251494423
2.633860507555079,59.43054987196618,-505.8357243073314,1069749.8976953914,-607002.8691687976,59430.549871966185,1071853.7047227523,0.0,-575606.169039377,118861.09974393235,23578.63699168089,3475470.75274656,-473902.8477766696,26.743747442384773,3475470.752927659,0.0,-562039.6936748127,132067.88860436928,29486.32301584375
2.6655937666822487,56.011593929233904,-506.22571209798645,1008208.6907262102,-607470.8545175837,56011.5939292339,1010148.145353501,0.0,-576049.9482494327,112023.1878584678,21018.033137245628,3275531.8087271294,-474268.21604883467,25.205217268155256,3275531.808896553,0.0,-562473.0134422071,124470.2087316309,26313.1731265352
2.6973270258094186,52.536239059315704,-506.59817787780213,945652.3030676828,-607917.8134533626,52536.2390593157,947426.8656142638,0.0,-576473.7886195679,105072.4781186314,18554.13049266988,3072294.681831328,-474617.16845625057,23.641307576692064,3072294.681988905,0.0,-562886.864308669,116747.19790959045,23253.653034468356
2.729060284936588,49.007984649969515,-506.9516620785015,882143.7236994513,-608341.9944942017,49007.98464996951,883753.394620609,0.0,-576876.0292617428,98015.96929993904,16198.8487359992,2865964.0146181006,-474948.3375716484,22.05359309248628,2865964.0147636775,0.0,-563279.6245316684,108906.63255548781,20323.163060132472
2.7607935440637577,45.430383354310344,-507.2847824564494,817746.9003775863,-608741.7389477394,45430.38335431034,819192.2890938635,0.0,-577255.0972780285,90860.76670862068,13963.827246427885,2656747.564579552,-475260.428410978,20.44367250943965,2656747.5647129947,0.0,-563649.7582849438,100956.40745402299,17536.873106695013
2.792526803190927,41.807037513581726,-507.59623901083506,752526.6752444712,-609115.486813002,41807.03751358172,753809.0854535375,0.0,-577609.513357157,83614.07502716346,11860.34110102919,2444855.9949462996,-475552.2230411105,18.813166881111776,2444855.9950674935,0.0,-563995.8211231501,92904.5278079594,14909.605086503434
2.824260062318097,38.141595529907896,-507.88481857015546,686548.7195383422,-609461.7822841866,38141.59552990789,687670.2563335611,0.0,-577937.8969936251,76283.19105981578,9899.213798240002,2230502.6625677133,-475822.58487678226,17.16371798845855,2230502.662676567,0.0,-564316.4650779505,84759.1011775731,12455.707087018178
2.8559933214452666,34.43774819265947,-508.1493990383397,619879.4674678706,-609779.2788460077,34437.74819265947,620843.1736786163,0.0,-578238.9713194899,68875.49638531894,8090.727809576376,2013903.4030795011,-476070.4626586655,15.496986686696758,2013903.4031759505,0.0,-564610.443375933,76528.32931702105,10188.920783889422
2.887726580572436,30.699224962146438,-508.38895329297856,552586.049318636,-610066.7439515743,30699.224962146436,553396.0815711516,0.0,-578511.5675402858,61398.44992429287,6444.534284446912,1795276.3135758154,-476294.8941055069,13.814651232965895,1795276.31365983,0.0,-564876.6147699762,68220.49991588098,8122.244113782537
2.9194598396996057,26.929790214355286,-508.6025527291597,484736.2238583952,-610323.0632749916,26929.790214355286,485398.0834958828,0.0,-578754.6289676643,53859.58042871058,4969.563437153178,1574841.5330032331,-476495.0092342443,12.118405596459876,1574841.5330748232,0.0,-565113.9474768441,59843.978254122856,6267.791718931403
2.9511930988267756,23.133239450558968,-508.7893704433397,416398.3101100615,-610547.2445320077,23133.23945055897,416919.151248686,0.0,-578967.2146424209,46266.47890111794,3673.9373158129165,1352821.0205005244,-476670.03334288404,10.409957752751534,1352821.020559758,0.0,-565321.5227148219,51407.19877901993,4636.656134387769
2.982926357953945,19.31339547555996,-508.9486840525393,347641.1185600793,-610738.4208630471,19313.395475559963,348030.1668138391,0.0,-579148.5025425446,38626.790951119925,2564.8867751377984,1129438.3319040914,-476819.2896517236,8.691027964001982,1129438.3319511162,0.0,-565498.5378361548,42918.65661235547,3238.773068150622
3.0146596170811146,15.474104548438417,-509.0798781449045,278533.88187189156,-610895.8537738854,15474.104548438418,278803.0155302981,0.0,-579297.7923717878,30948.20909687683,1648.6745352001162,904918.3946455217,-476942.201599211,6.963347046797287,904918.3946806107,0.0,-565644.3090498939,34386.89899652982,2082.7943838611245
3.0463928762082846,11.619232509725865,-509.1824463583675,209146.1851750656,-611018.9356300409,11619.232509725865,209310.7611554844,0.0,-579414.5079250387,23238.46501945173,930.5261951262946,679487.2812705184,-477038.29478938266,5.2286546293766385,679487.2812941571,0.0,-565758.2737315195,25820.516688279702,1175.9724985446665
3.078126135335454,7.752660888791366,-509.255993084765,139547.8959982446,-611107.191701718,7752.660888791366,139627.95585830574,0.0,-579498.199027491,15505.32177758273,414.5709766395739,453371.9818006648,-477107.1985884019,3.4886973999561137,453371.98181374517,0.0,-565839.9923164056,17228.13530842526,524.0598252714844
3.1098593944626236,3.87828299550709,-509.3002347973282,69809.09391912761,-611160.2817567938,3878.2829955070897,69831.18094931368,0.0,-579548.5430452354,7756.565991014179,103.79379526164848,226800.17517585325,-477148.6473682462,1.7452273479781906,226800.17518018003,0.0,-565889.1497748091,8618.406656682422,131.22660667233868
3.141592653589793,0.0,-509.31500099997726,0.0,-611178.0011999727,0.0,0.0,0.0,-579565.3459654911,0.0,0.0,0.0,-477162.48139607377,0.0,0.0,0.0,-565905.5566666414,0.0,0.0
3.141592653589793,-0.0,-509.31500099997754,-0.0,-611178.001199973,-0.0,0.0,0.0,-579565.3459654916,-0.0,0.0,-0.0,-477162.48139607406,-0.0,0.0,0.0,-565905.5566666417,-0.0,0.0
3.1733259127169626,-3.8792181402497317,-509.4230389963896,-69825.92652449518,-611307.6467956675,-3879.2181402497317,-69798.13692319504,0.0,-579688.2857545122,-7758.4362804994635,103.81882237340324,-226854.86200290828,-477263.699067558,-1.7456481631123788,-226854.86199073907,0.0,-566025.5988848774,-8620.484756110514,131.2582484766026
3.2050591718441326,-7.760142716172533,-509.74745859418687,-139682.5688911056,-611696.9503130242,-7760.142716172532,-139555.02288962252,0.0,-580057.4528830401,-15520.285432345067,414.97106488398276,-453809.51556564524,-477567.63839782414,-3.49206422227764,-453809.51505236764,0.0,-566386.0651046521,-17244.761591494516,524.5655774521292
3.236792430971302,-11.644487447086727,-510.2891778724556,-209600.77404756108,-612347.0134469467,-11644.487447086725,-209264.38126583383,0.0,-580673.8920617597,-23288.974894173454,932.5487366970046,-680964.1781922063,-478075.1595085931,-5.2400193511890265,-478075.15937325894,0.0,-566987.9754138396,-25876.63877130384,1178.5285289678723
3.2685256900984716,-15.533980635974572,-511.04973115005146,-279611.6514475423,-613259.6773800617,-15533.98063597457,-278889.9815193579,0.0,-581539.3492397135,-31067.961271949145,1655.0539790302282,-908419.9202324313,-478787.69985878706,-6.990291286188558,-478787.69974505214,0.0,-567833.0346111683,-34519.95696883238,2090.8536275127553
3.300258949225641,-19.430372502274366,-512.0312752978755,-349746.7050409386,-614437.5303574506,-19430.372502274367,-348327.9684391585,0.0,-582656.2787872375,-38860.745004548735,2580.4217352743726,-1136279.0937002555,-479707.2801583187,-8.743667626023464,-479707.280041878,0.0,-568923.6392198617,-43178.60556060971,3258.3896106791217
3.331992208352811,-23.33544256394234,-513.2365986398007,-420037.96615096217,-615883.918367761,-23335.442563942343,-417295.89306361927,0.0,-584027.8536246007,-46670.885127884685,3706.0504820307833,-1364645.7639732363,-480836.51270711154,-10.500949153774053,-480836.51258234493,0.0,-570262.8873775564,-51856.53903098298,4677.184237166657
3.3637254674799806,-27.25100708566836,-514.6691325067628,-490518.1275420305,-617602.9590081153,-27251.00708566836,-484921.14796115697,0.0,-585657.9783697645,-54502.01417133671,5028.840082324459,-1593626.145360723,-482178.61221979326,-12.26295318855076,-482178.6120844922,0.0,-571854.5916741809,-60557.79352370746,6342.5535507159075
3.39545872660715,-31.178926610121078,-516.3329655280579,-561220.6789821795,-619599.5586336695,-31178.92661012108,-547700.0630610619,0.0,-587551.3056008933,-62357.85322024215,6545.23564483918,-1823329.0415275486,-483737.4092147986,-14.030516974554486,-483737.40906784683,0.0,-573703.2950311755,-69286.50357804685,8249.161125252314
3.4271919857343196,-35.12111358969804,-518.2328607642944,-632180.0446145649,-621879.4329171532,-35121.11358969804,-591533.0027170941,0.0,-589713.2553524728,-70242.22717939608,8251.276152952109,-2053866.2917952072,-485517.36606573616,-15.804501115364118,-485517.3659064716,0.0,-575814.2897381049,-78046.91908821787,10391.104615942633
3.4589252448614896,-39.07954013650335,-520.3742758078857,-703431.7224570604,-624449.1309694629,-39079.54013650335,-608381.6929551498,0.0,-592150.0379882836,-78159.0802730067,10142.646566654555,-2285353.224356921,-487523.5958329583,-17.585793061426504,-487523.5956609397,0.0,-578193.6397865397,-86843.422525563,12762.006892290898
3.490658503988659,-43.056245908769384,-522.7633859997127,-775012.4263578489,-627316.0631996552,-43056.24590876938,-615680.9467943172,0.0,-594868.6806203625,-86112.49181753877,12214.732097243192,-2517909.117471894,-489761.88401457976,-19.37531065894622,-489761.8838294834,0.0,-580848.2066663475,-95680.54646393197,15355.109120051435
3.5223917631158286,-47.053346152563236,-525.4071109348534,-846960.2307461384,-630488.5331218241,-47053.34615256323,-620703.1281182339,0.0,-597877.0572706952,-94106.69230512647,14462.67340331449,-2751657.6697405404,-492238.7133789293,-21.17400576865345,-492238.713180498,0.0,-583785.6788165038,-104562.99145014053,18163.36336604145
3.5541250222429985,-51.07303991811949,-528.3131444563174,-919314.7185261508,-633975.7733475809,-51073.039918119495,-625109.6599664987,0.0,-601183.9230020163,-102146.07983623898,16881.421548555372,-2986727.4805917838,-494961.2920648102,-22.98286796315377,-494961.2918528272,0.0,-587014.6049514639,-113495.64426248777,21179.522595064365
3.585858281370168,-55.11761847089015,-531.4899883638632,-992117.1324760228,-637787.9860366358,-55117.61847089015,-629412.1650829344,0.0,-604798.95227612,-110235.23694178031,19465.791687133547,-3223252.5421573194,-497937.5851623162,-24.802928311900565,-497937.58493658644,0.0,-590544.4315154036,-122483.59660197812,24396.226280324394
3.6175915404973376,-59.18947391809622,-534.9469900954665,-1065410.5305257319,-641936.3881145598,-59189.47391809621,-633819.0048612462,0.0,-608732.7818327721,-118378.94783619244,22210.51459021942,-3461372.7437483175,-501176.3500155086,-26.635263263143294,-501176.3497758496,0.0,-594385.5445505184,-131532.16426243604,27806.08022766048
3.649324799624507,-63.29110807239293,-538.694384672253,-1139239.9453030727,-646433.2616067036,-63291.108072392926,-638434.6159725089,0.0,-612997.0584201498,-126582.21614478585,25110.285286862752,-3701234.390198417,-504687.1755194087,-28.480998632576814,-504687.1752656449,0.0,-598549.3163025033,-140646.90682753985,31401.72959317622
3.6810580587516766,-67.42514157506932,-542.7433412340312,-1213652.548351248,-651292.0094808374,-67425.14157506931,-643320.9454657666,0.0,-617604.4917490698,-134850.28315013862,28159.80825445638,-3942990.735384171,-508480.5257177923,-30.341313708781186,-508480.5254497493,0.0,-603048.1569267013,-149833.6479445985,35175.92443174694
3.7127913178788465,-71.59432330212918,-547.1060145324283,-1288697.8194383252,-656527.2174389139,-71594.32330212918,-648520.4564606003,0.0,-622568.9130886252,-143188.64660425836,31353.83875037165,-4186802.532288257,-512567.78804561764,-32.21744548595813,-512567.7877631197,0.0,-607895.5717026981,-159098.49622695375,39121.57743487554
3.744524577006016,-75.80154007750929,-551.7956017924716,-1364427.7213951673,-662154.7221509661,-75801.54007750929,-654066.0627919845,0.0,-627905.3399707434,-151603.08015501857,34687.22002068121,-4432838.601023936,-516961.3266009955,-34.110693034879176,-516961.3263038618,0.0,-613106.2242138574,-168447.86683890954,43231.81379043212
3.7762578361331856,-80.04982671863884,-556.8264054018154,-1440896.8809354992,-668191.6864821784,-80049.82671863884,-659985.9177584129,0.0,-633630.0475262036,-160099.65343727768,38154.916249783186,-4681276.416294669,-521674.5408769105,-36.02242202338748,-521674.5405649538,0.0,-618696.0060020171,-177888.50381919742,47500.01331930759
3.8079910952603555,-84.34237644046888,-562.2139019402517,-1518162.77592844,-674656.6823283022,-84342.37644046888,-666305.9405508151,0.0,-639760.6470354587,-168684.75288093777,41752.04122346779,-4932302.715816894,-526721.9304329726,-37.95406939821099,-526721.9301059982,0.0,-624682.1132669464,-187427.50320104195,51919.8452144895
3.839724354387525,-88.682551645068,-567.9748181213353,-1596285.9296112242,-681569.7817456023,-88682.551645068,-673051.2596169554,0.0,-646316.1723449676,-177365.10329013603,45473.88276643376,-5186114.131290527,-532119.1660429263,-39.90714824028059,-532119.1657007295,0.0,-631083.1312459281,-197072.33698904002,56485.295829422306
3.8714576135146945,-93.07389512467724,-574.1272142835894,-1675330.1122441902,-688952.6571403074,-93073.89512467723,-680247.1020609536,0.0,-653317.1748744291,-186147.79024935447,49315.92308337119,-5442917.843548377,-537883.1679151448,-41.88325280610476,-537883.167557511,0.0,-637919.1269817661,-206830.8780548383,61190.69003952044
3.903190872641864,-97.52014170693846,-580.6905761416916,-1755362.5507248924,-696828.6913700299,-97520.14170693845,-687919.3851463242,0.0,-660785.828023304,-195040.2834138769,53273.85518171493,-5702932.263563653,-544032.1916516605,-43.8840637681223,-544032.1912783622,0.0,-645211.7512685462,-216711.4260154188,66030.70673979062
3.934924131769034,-102.02523037157268,-587.6859155891666,-1836454.146688308,-705223.0987069999,-102025.23037157269,-696095.1419937883,0.0,-668746.0418773274,-204050.46074314535,57343.59558549902,-5966387.741027643,-550585.9226872895,-45.9113536672077,-550585.9222980854,0.0,-652984.3506546295,-226722.7341590504,71000.38904907386
3.9666573908962035,-106.59331686823667,-595.1358814344535,-1918679.7036282602,-714163.0577213442,-106593.31686823667,-704802.8535129087,0.0,-677223.5892185159,-213186.63373647333,61521.293565653556,-6233527.302236063,-557565.5800350481,-47.9669925907065,-557565.5796296834,0.0,-661262.0904827261,-236874.03748497038,76095.14977418719
3.998390650023373,-111.22878686532438,-603.0648810529381,-2002118.1635758393,-723677.8572635256,-111228.78686532438,-714072.7279063447,0.0,-686246.2439567915,-222457.57373064876,65803.33711459092,-6504607.419024818,-564994.0302584193,-50.05295408939597,-564994.0298366239,0.0,-670072.0900588201,-247175.08192294306,81310.77265094942
4.030123909150543,-115.93626965926407,-611.499214049931,-2086852.8538667532,-733799.0568599172,-115936.26965926407,-723936.9526679541,0.0,-695843.9332292316,-231872.5393185281,70186.35588447558,-6779898.81048328,-572895.9126963295,-52.17132134666882,-572895.9122578176,0.0,-679443.57116659,-257636.15479836462,86643.40982926346
4.0618571682777125,-120.72065247296919,-620.4672191550803,-2172971.7445134455,-744560.6629860965,-120720.65247296919,-734429.9348863155,0.0,-706048.9045557809,-241441.3049459384,74667.2212909343,-7059687.279121006,-581297.7770842703,-54.324293612836136,-581297.7766287359,0.0,-689408.0212834226,-268268.1166065982,92089.57601007598
4.093590427404882,-125.58709537068877,-629.9994357089735,-2260567.7166723977,-755999.3228507681,-125587.09537068877,-745588.5404642257,0.0,-716895.9095998661,-251174.19074137753,79243.0439592838,-7344274.583081216,-590228.2348464216,-56.51419291680995,-590228.2343735415,0.0,-699999.3730099705,-279082.4341570862,97646.13957701041
4.1253236865320515,-130.54104681408913,-640.1287812595036,-2349738.842653604,-768154.5375114044,-130541.04681408912,-757452.3398395648,0.0,-728422.4062608143,-261082.09362817826,83911.16865990142,-7633979.345853167,-599718.125480547,-58.7434710663401,-599718.1249899771,0.0,-711254.2013994484,-290091.2151424203,103310.31099701003
4.157056945659221,-135.58825988101916,-650.8907469610431,-2440588.677858345,-781068.8963532516,-135588.25988101916,-770063.8660254522,0.0,-740668.7810246351,-271176.5197620383,88669.16684468254,-7929138.004737963,-609800.6996218223,-61.014716946458606,-609800.6991131976,0.0,-723211.9410678257,-301307.2441800426,109079.62869464315
4.188790204786391,-140.73480916352798,-662.323612665798,-2533226.5649435036,-794788.3351989576,-140734.80916352797,-783468.8897743901,0.0,-753678.5937231493,-281469.61832705594,93514.82685831422,-8230105.799036725,-620511.8205557003,-63.33066412358759,-620511.8200286324,0.0,-735915.12518422,-312744.0203633955,114951.94253466476
4.22052346391356,-145.98710835521732,-674.4686838165313,-2627767.9503939124,-809362.4205798375,-145987.10835521732,-797716.7161280345,0.0,-767498.8471015699,-291974.21671043464,98446.14185730915,-8537257.798550721,-631890.186155845,-65.6941987598478,-631890.1856099204,0.0,-749409.6486850348,-324415.7963449274,120925.39497796574
4.25225672304073,-151.35192852927005,-687.3705524958888,-2724334.713526861,-824844.6629950665,-151351.92852927005,-812860.5063771815,0.0,-782180.2838746319,-302703.8570585401,103461.2954265512,-8850989.972471934,-643977.5734536889,-68.10836783817152,-643977.5728884712,0.0,-763745.0583287653,-336337.6189539335,126998.39990703092
4.2839899821679,-156.83641709713513,-701.0773852630575,-2823055.5077484325,-841292.862315669,-156836.41709713513,-828957.6294290079,0.0,-797777.7142648583,-313672.83419427025,108558.64483785507,-9171720.298078079,-656819.1083042667,-70.5763876937108,-656819.1077192882,0.0,-778974.8725145084,-348525.37132696697,133169.61904846813
4.3157232412950695,-162.44811742321488,-715.6412407168317,-2924066.113617868,-858769.4888601981,-162448.1174232149,-846070.046703155,0.0,-814350.377367429,-324896.2348464298,113736.7018476929,-9499889.907790344,-670463.5629018585,-73.10165284044669,-670463.5622966262,0.0,-795156.934129813,-360995.8164960331,139437.93585153937
4.347456500422239,-168.1949890521013,-731.1184200691864,-3027509.8029378233,-877342.1040830236,-168194.9890521013,-864264.7349210673,0.0,-831962.3400787292,-336389.9781042026,118994.11088141275,-9835964.272052709,-684963.6842222238,-75.68774507344558,-684963.6835962115,0.0,-812353.8000768739,-373766.6423380029,145802.42661199026
4.3791897595494085,-174.08542848118861,-747.5698543993005,-3133537.712661395,-897083.8252791606,-174085.4284811886,-883614.1514944383,0.0,-850682.9377647211,-348170.8569623772,124329.62439881271,-10180434.414104598,-700376.5568296853,-78.33844281653487,-700376.5561823361,0.0,-830633.1715547784,-386856.50773597474,152262.3285591653
4.410923018676578,-180.12829038156036,-765.0615326891112,-3242309.2268680865,-918073.8392269334,-180128.29038156033,-904196.747648085,0.0,-870587.2613358849,-360256.58076312067,129742.07518011634,-10533818.150968444,-716764.0038912501,-81.05773067170216,-716764.003221971,0.0,-850068.369654568,-400285.0897368008,158817.0045501056
4.4426562778037475,-186.33290913257576,-783.664975222721,-3353992.364386364,-940397.9702672651,-186332.90913257576,-926097.5349252962,0.0,-891756.6959430961,-372665.8182651515,135230.34521163936,-10896661.35278221,-734193.03069081,-83.84980910965909,-734193.0299989711,0.0,-870738.8613585789,-414073.1314057239,165465.90393590316
4.474389536930918,-192.70912048885324,-803.4577574683306,-3468764.1687993584,-964149.3089619967,-192709.12048885322,-949408.7113185339,0.0,-914279.5171191345,-385418.24097770645,140793.33078592864,-11269539.20987446,-752736.3154389607,-86.71910421998395,-752736.3147238959,0.0,-892730.8416314784,-428242.48997522943,172208.51908166416
4.506122796058087,-199.26728314034185,-824.5240901580867,-3586811.0965261534,-989428.908189704,-199267.28314034184,-974230.3539467715,0.0,-938251.5508695466,-398534.5662806837,146429.9033610688,-11653057.493587244,-772472.7527330188,-89.67027741315381,-772472.7519940175,0.0,-916137.8779534297,-442816.1847563152,179044.33693063306
4.537856055185257,-206.01829985427582,-846.9554619435665,-3708329.397376965,-1016346.5543322797,-206018.2998542758,-1000671.1859656337,0.0,-963776.9049702652,-412036.59970855166,152138.86564706045,-12047853.792647712,-793488.0556423435,-92.70823493442411,-793488.0548786568,0.0,-941061.6243817406,-457818.4441206129,185972.7849036306
4.569589314312426,-212.97363779909543,-870.851351737498,-3833525.480383718,-1045021.6220849976,-212973.63779909542,-1028849.4262513467,0.0,-990968.7795633596,-425947.27559819084,157918.90230280667,-12454598.701701488,-815875.4230806725,-95.83813700959294,-815875.4222915005,0.0,-967612.6130416645,-473274.7506646565,192993.1703155659
4.601322573439596,-220.14534754110323,-896.3200186604391,-3962616.255739858,-1075584.022392527,-220145.34754110326,-1058893.7313482242,0.0,-1019950.3660618787,-440290.69508220645,163768.524534046,-12873996.932228262,-839736.2798843017,-99.06540639349646,-839736.2790687997,0.0,-995911.1318449324,-489211.88342467387,200104.61236954923
4.6330558325667655,-227.54608007014247,-923.4793783978924,-4095829.4412625646,-1108175.2540774709,-227546.08007014246,-1090944.240214701,0.0,-1050855.8443838083,-455092.1601402849,169686.00777932897,-13306788.308195468,-865181.0978456961,-102.3957360315641,-865181.0970029682,0.0,-1026088.1982198806,-505657.9557114277,207305.96565426193
4.664789091693935,-235.18910104566265,-952.457975740752,-4233403.8188219275,-1142949.5708889025,-235189.10104566265,-1125153.733446183,0.0,-1083831.489636028,-470378.20209132525,175669.32155692833,-13753748.59916156,-892330.3068584838,-105.83509547054817,-892330.3059875788,0.0,-1058286.6397119467,-522642.44676813926,214595.7339202743
4.696522350821105,-243.08830125222948,-983.3960641294975,-4375589.422540132,-1180075.276955397,-243088.3012522295,-1161688.9198926883,0.0,-1119036.900561152,-486176.602504459,181716.05041886936,-14215690.131709328,-921315.3063111615,-109.38973556350328,-921315.3054110734,0.0,-1092662.2934772195,-540196.2250049544,221971.9727437516
4.728255609948275,-251.25820200610957,-1016.4468041458052,-4522647.636109972,-1219736.1649749663,-251258.20200610958,-1200731.8649193044,0.0,-1156646.3633383298,-502516.40401221917,187823.30481845047,-14693462.105620446,-952279.5879191925,-113.0661909027493,-952279.5869888533,0.0,-1129385.3379397837,-558351.5600135769,229432.17950038158
4.759988869075444,-259.71395395199994,-1051.7775940846927,-4674851.171135999,-1262133.1129016313,-259713.95395199995,-1242481.5759656641,0.0,-1196850.3656825812,-519427.9079039999,193987.62054350984,-15187950.523508769,-985379.9822995334,-116.87127927839995,-985379.9813378127,0.0,-1168641.771205214,-577142.1198933332,236973.16886654927
4.791722128202614,-268.47132731973284,-1089.5715469783472,-4832483.891755192,-1307485.8563740165,-268471.3273197328,-1287155.7625249967,0.0,-1239857.27759605,-536942.6546394656,200204.84519909148,-15700077.62103701,-1020788.0427515038,-120.81209729387979,-1020788.0417572083,0.0,-1210635.0521981637,-596602.9495994063,244590.93183825654
4.823455387329783,-277.5466912604843,-1130.0291297016556,-4995840.442688717,-1356034.9556419866,-277546.6912604843,-1334992.7891494345,0.0,-1285895.2165570562,-555093.3825209686,206470.0100398406,-16230800.658507854,-1058691.5808873097,-124.89601106721793,-1058691.579859173,0.0,-1255587.9218907284,-616770.4250232985,252280.4760103342
4.855188646456953,-286.9569793337993,-1173.369981025928,-5165225.628008388,-1408043.9772311135,-286956.97933379933,-1386253.8415430668,0.0,-1335214.1163398488,-573913.9586675985,212777.18525553297,-16781109.902561363,-1099296.369913952,-129.13064070020968,-1099296.3688506354,0.0,-1303744.4233621422,-637682.1762973318,260035.644590204
4.886921905584122,-296.71963755004623,-1219.8349266384928,-5340953.475900833,-1463801.9119661914,-296719.6375500462,-1441225.3271506457,0.0,-1388088.0199679397,-593439.2751000925,219119.31660440785,-17352025.587722003,-1142828.0324467546,-133.5238368975208,-1142828.0313468464,0.0,-1355372.1407094365,-659376.9723334361,267848.9113336534
4.918655164711293,-306.8525505635501,-1269.688210120818,-5523345.9101439025,-1523625.8521449815,-306852.5505635501,-1500221.5327764195,0.0,-1444817.6184133443,-613705.1011271002,225488.0410723159,-17944593.60020761,-1189534.1306481883,-138.08364775359755,-1189534.1295101978,0.0,-1410764.6779120201,-681894.5568078891,275711.14828935894
4.9503884238384614,-317.3739406306444,-1323.219959549002,-5712730.9313516,-1587863.9514588024,-317373.94063064444,-1563587.562518367,0.0,-1505733.0574178293,-634747.8812612888,231873.47901693475,-18559879.569043536,-1239686.4771144693,-142.81827328378998,-1239686.4759368226,0.0,-1470244.399498891,-705275.4236236543,283611.36293119413
4.982121682965632,-328.3022327605415,-1380.748909570235,-5909440.189689746,-1656898.6914842818,-328302.2327605415,-1631702.5794605287,0.0,-1571197.035028198,-656604.4655210829,238264.0000450589,-19198960.980148625,-1293583.6851102011,-147.73600474224364,-1293583.6838912424,0.0,-1534165.4550780389,-729560.5172456477,291536.40095452825
5.013854942092801,-339.65587805550047,-1442.6253982734106,-6113805.804999009,-1731150.4779280927,-339655.87805550045,-1704983.3738319734,0.0,-1641608.2118283636,-679311.7561110009,244645.95968072512,-19862916.845350906,-1351553.9762497013,-152.8451451249752,-1351553.9749876857,0.0,-1602917.1091926785,-754790.8401233344,299470.6107316314
5.045588201219971,-351.453125515063,-1509.2346565804964,-6326156.259271134,-1811081.5878965957,-351453.125515063,-1783888.2783093983,0.0,-1717404.9540398747,-702906.251030126,251003.40373288735,-20552814.357606024,-1413958.2622325572,-158.15390648177834,-1413958.2609256525,0.0,-1676927.3962005517,-781006.9455890289,307395.4651873836
5.07732146034714,-363.7117305154518,-1581.0004047903867,-6546811.149278132,-1897200.4857484642,-363711.73051545175,-1868921.4472628934,0.0,-1799069.4261407845,-727423.4610309036,257317.73719144275,-21269691.843008876,-1481193.5143414552,-163.67027873195332,-1481193.5129877422,0.0,-1756667.116433763,-808248.2900343373,315289.136705328
5.10905471947431,-376.4485857129266,-1658.388765711824,-6776074.542832679,-1990066.5188541885,-376448.5857129266,-1960637.510287058,0.0,-1887132.0437410406,-752897.1714258532,263567.3545090783,-22014537.17619454,-1553696.429543141,-169.40186357081697,-1553696.4281406105,0.0,-1842654.1841242488,-836552.4126953925,323126.020656122
5.140787978601479,-389.6792571978228,-1741.9124957330407,-7014226.62956081,-2090294.9948796488,-389679.2571978228,-2059646.6003447291,0.0,-1982176.2882479422,-779358.5143956455,269727.22831724596,-22788260.65484344,-1631947.394455092,-175.35566573902022,-1631947.3930016458,0.0,-1935458.3285922676,-865953.9048840506,330876.20332454133
5.172521237728649,-403.4174052823469,-1832.1355231476857,-7261513.295082245,-2198562.627777223,-403417.4052823469,-2166619.7419860484,0.0,-2084843.8711680558,-806834.8105646939,275768.45405083697,-23591661.12762263,-1716474.7371717067,-181.5378323770561,-1716474.7356651593,0.0,-2035706.136830762,-896483.1228496599,338504.8704919284
5.204254496855819,-417.6740652821171,-1929.6777657221198,-7518133.175078108,-2315613.318866544,-417674.0652821171,-2282294.563695209,0.0,-2195840.21616655,-835348.1305642341,281657.74871595297,-24425383.934626736,-1807859.2407036512,-187.95332937695267,-1807859.2391417436,0.0,-2144086.406357911,-928164.5895158158,345971.6538353348
5.235987755982989,-432.4567590036348,-2035.2201750756228,-7784221.662065426,-2442264.2100907476,-432456.7590036348,-2407481.268250545,0.0,-2315940.199223984,-864913.5180072696,287356.90325867943,-25289868.947580982,-1906738.8689116568,-194.60554155163564,-1906738.8672920577,0.0,-2261355.7500840253,-961015.0200080773,353229.91380156856
5.267721015110158,-447.7684023589661,-2149.509921675594,-8059831.242461391,-2579411.9060107125,-447768.40235896606,-2543068.7532029776,0.0,-2445994.0488032615,-895536.8047179322,292822.18985172035,-26185286.68765884,-2013813.6241784333,-201.49578106153473,-2013813.6224987432,0.0,-2388344.3574173264,-995040.8941310359,360225.95992728067
5.299454274237328,-463.6059686228336,-2273.3655882337807,-8344907.435211006,-2728038.705880537,-463605.9686228336,-2690030.7165228873,0.0,-2586933.2555763707,-927211.9372456671,298003.7281319627,-27111460.15338208,-2129850.4129512655,-208.62268588027507,-2129850.411209045,0.0,-2525961.764704201,-1030235.4858285191,366898.21299430425
5.331187533364497,-479.95886043299004,-2407.6821774068885,-8639259.487793822,-2889218.6128882663,-479958.86043299,-2849431.50549708,0.0,-2739776.2708423208,-959917.72086598,302844.81828071526,-28067769.615964334,-2255687.737311755,-215.98148719484544,-2255687.7355045397,0.0,-2675202.419340987,-1066575.2454066447,373176.3183050791
5.362920792491668,-496.8069369417168,-2553.4356575003003,-8942524.864950903,-3064122.7890003603,-496806.9369417168,-3022431.3642678065,0.0,-2905633.679224479,-993613.8738834336,307281.2541980287,-29053037.248053614,-2392239.953714053,-223.56312162377256,-2392239.9518393744,0.0,-2837150.730555889,-1104015.4154260373,378980.22620505025
5.394654051618836,-514.1181359718307,-2711.686661987315,-9254126.447492953,-3254023.9943847777,-514118.1359718307,-3210290.599832464,0.0,-3085712.4084683233,-1028236.2719436614,311240.6373262906,-30065388.068528116,-2540500.738957346,-231.35316118732385,-2540500.737012768,0.0,-3012985.1799859055,-1142484.7466040682,384219.26534794946
5.426387310746007,-531.8456253080433,-2883.582818836888,-9573221.25554478,-3460299.382604265,-531845.6253080432,-3414372.0091868094,0.0,-3281318.3800557684,-1063691.2506160866,314641.72145867464,-31102083.351347562,-2701545.2724655876,-239.33053138861942,-2701545.2704487573,0.0,-3203980.9098187643,-1181879.1673512072,388791.2467946373
5.458120569873175,-549.9244134545006,-3070.3590069171846,-9898639.442181012,-3684430.8083006213,-549924.4134545006,-3636140.6812985586,0.0,-3493856.8009747267,-1099848.8269090012,317393.83174345875,-32159322.424239803,-2876530.476504567,-247.46598605452527,-2876530.474413257,0.0,-3411510.007685761,-1222054.2521211125,392581.6536699976
5.489853829000346,-568.2673499566758,-3273.334611864492,-10228812.299220165,-3928001.5342373904,-568267.3499566758,-3877159.994815773,0.0,-3724829.04108718,-1136534.6999133516,319396.4177456887,-33232008.76939625,-3066692.445284927,-255.72030748050412,-3066692.44311711,0.0,-3637038.4576272136,-1262816.3332370576,395462.9926721761
5.521587088127515,-586.7604511184862,-3493.906576152056,-10561688.120132752,-4192687.8913824675,-586760.4511184862,-4139082.262355757,0.0,-3975824.7245868216,-1173520.9022369725,320538.82154090353,-34313476.67359569,-3273339.9337728317,-264.0422030033188,-3273339.9315267634,0.0,-3882118.417946729,-1303912.113596636,397294.4111457891
5.553320347254685,-605.2575020292675,-3733.5367032702216,-10894635.036526814,-4480244.043924266,-605257.5020292675,-4423632.009861978,0.0,-4248507.28303163,-1210515.004058535,320700.36797884945,-35395175.55726711,-3497842.46334385,-272.3658759131704,-3497842.4610181656,0.0,-4148374.1147446907,-1345016.67117615,397921.71748217545
5.585053606381854,-623.5739148773155,-3993.731284426223,-11224330.46779168,-4792477.541311467,-623573.9148773154,-4732579.307733467,0.0,-4544590.771933287,-1247147.829754631,319750.915770072,-36466310.81153892,-3741611.234627724,-280.60826169479196,-3741611.2322215587,0.0,-4437479.204918025,-1385719.8108384789,397177.98371800734
5.616786865509024,-641.4798726627891,-4276.010677508411,-11546637.707930205,-5131212.813010094,-641479.8726627892,-5067699.867345786,0.0,-4865805.253716467,-1282959.7453255784,317552.04462784017,-37513442.84577715,-4006070.6269205515,-288.6659426982551,-4006070.6244336944,0.0,-4751122.975009346,-1425510.8281395314,394884.95703426935
5.648520124636194,-658.692864314993,-4581.866006899656,-11856471.557669874,-5498239.208279587,-658692.8643149929,-5430717.746633438,0.0,-5213847.525092711,-1317385.7286299858,313959.094010341,-38520050.54473644,-4292617.631493359,-296.4117889417468,-4292617.628926415,0.0,-5090962.229888507,-1463761.9206999845,390855.55972865364
5.680253383763363,-674.8698309819791,-4912.699717413398,-12147656.957675627,-5895239.660896077,-674869.8309819791,-5823225.396161022,0.0,-5590313.471539383,-1349739.661963958,308824.3100160677,-39466071.98725024,-4602566.158295565,-303.69142394189055,-4602566.155650146,0.0,-5458555.241570442,-1499710.7355155093,384897.81125766644
5.711986642890533,-689.59930378014,-5269.74638929602,-12412787.468042519,-6323695.667155225,-689599.30378014,-6246574.2343165,0.0,-5996607.960233401,-1379198.60756028,302001.3930692207,-40327444.66550526,-4937072.849822857,-310.319686701063,-4937072.847101826,0.0,-5855273.765884467,-1532442.8972892,376820.55388697097
5.743719902017703,-702.3941296817998,-5653.970134897334,-12643094.334272398,-6784764.1618768005,-702394.1296817998,-6701726.463464703,0.0,-6433828.084538344,-1404788.2593635996,293351.7609136007,-41075680.09835087,-5297040.955027803,-316.0773583568099,-5297040.9522354975,0.0,-6282189.038774815,-1560875.8437373328,366441.39337076945
5.775453161144872,-712.6856599229361,-6065.935243190729,-12828341.87861285,-7279122.291828875,-712685.659922936,-7189054.0308059305,0.0,-6902615.966389448,-1425371.3198458722,282752.835043618,-41677523.97210153,-5682999.139915209,-320.70854696532126,-5682999.137057714,0.0,-6739928.047989699,-1583745.910939858,353597.25970094604
5.807186420272042,-719.8206113043628,-6505.647777150059,-12956771.003478533,-7806777.332580071,-719820.6113043628,-7708059.445955882,0.0,-7402978.505032823,-1439641.2226087255,270108.6043075705,-42094772.59089842,-6094953.084709776,-323.91927508696324,-6094953.081795216,0.0,-7228497.530166732,-1599601.3584541397,338157.92475448083
5.838919679399211,-723.0621864363826,-6972.367887382273,-13015119.355854888,-8366841.4648587275,-723062.1864363826,-8256962.998045407,0.0,-7934073.802883274,-1446124.3728727652,255362.59164476627,-42284338.388092555,-6532209.645931427,-325.37798389637214,-6532209.642970186,0.0,-7747075.430424748,-1606804.858747517,320042.65068826405
5.870652938526382,-721.5974108165199,-7464.396044394483,-12988753.39469736,-8957275.25327338,-721597.4108165199,-8832008.293052264,0.0,-8493967.912586823,-1443194.8216330395,238513.11963942833,-42198678.995118126,-6993176.5835942235,-324.7188348674339,-6993176.580599174,0.0,-8293773.382660537,-1603549.8018144886,299239.84731338406
5.90238619765355,-714.5529338307157,-7978.841533538167,-12861952.808952883,-9574609.840245802,-714552.9338307157,-9426008.509505877,0.0,-9079371.400233084,-1429105.8676614314,219630.41008531675,-41786721.27665005,-7475145.670820908,-321.548820223822,-7475145.667807531,0.0,-8865379.481709074,-1587895.4085127015,275829.152285086
5.934119456780721,-701.0216250948502,-8511.388549064643,-12618389.2517073,-10213666.258877572,-701021.6250948501,-10024228.74433158,0.0,-9685373.176521832,-1402043.2501897002,198874.54570588842,-40995416.67221346,-7974073.55413432,-315.4597312926826,-7974073.551120667,0.0,-9457098.387849603,-1557825.8335441116,250004.69320189115
5.96585271590789,-680.1020114713414,-9056.083834627862,-12241836.206484143,-10867300.601553433,-680102.0114713414,-10587678.659366935,0.0,-10305198.846300667,-1360204.0229426827,176512.67920579948,-39772047.45446441,-8484382.79999158,-306.04590516210357,-8484382.796997935,0.0,-10062315.371808736,-1511337.8032696475,222097.4588631615
5.99758597503506,-650.9517522955921,-9605.179173777984,-11717131.541320657,-11526215.00853358,-650951.7522955921,-10963759.553805906,0.0,-10930031.473609427,-1301903.5045911842,152933.15391954873,-38067353.93541475,-8998814.328686928,-292.9282885330164,-8998814.325735046,0.0,-10672421.30419776,-1446559.4495457602,192593.77242580056
6.029319234162229,-612.8547689638405,-10149.070372243423,-11031385.84134913,-12178884.446692107,-612854.7689638404,-10765623.839654952,0.0,-11548942.147725271,-1225709.5379276809,128653.52707907185,-35839460.173324004,-9508370.248618029,-275.78464603372817,-9508370.245729536,0.0,-11276744.858048247,-1361899.486586312,162145.98400961608
6.061052493289399,-565.2992568589797,-10676.37893967371,-10175386.623461636,-12811654.727608453,-565299.2568589797,-10059281.982345944,0.0,-12148982.931352839,-1130598.5137179592,104319.06433636881,-33058436.073624548,-10002390.381546445,-254.38466558654082,-10002390.378739737,0.0,-11862643.266304122,-1256220.5707977326,131570.94699423574
6.092785752416569,-508.06074446520506,-11174.21997363911,-9145093.40037369,-13409063.968366932,-508060.74446520506,-9085392.810152773,0.0,-12715491.694141055,-1016121.4889304101,80688.36756649893,-29711154.64708802,-10468803.235362483,-228.62733500934226,-10468803.232646057,0.0,-12415799.970710123,-1129023.8765893446,101831.95364838559
6.124519011543738,-441.28106612624464,-11628.686327397825,-7943059.190272404,-13954423.59287739,-441281.0661262446,-7910838.418379717,0.0,-13232643.062211314,-882562.1322524892,58603.675985308364,-25805910.299780387,-10894579.606851183,-198.57647975681004,-10894579.604206711,0.0,-12920762.585997583,-980624.5913916548,74000.93030057568
6.156252270670908,-365.5313687257971,-12025.55301772376,-6579564.637064349,-14430663.621268513,-365531.3687257971,-6562582.962965528,0.0,-13684249.985685654,-731062.7374515942,38945.21053212974,-21376103.434257142,-11266392.520995801,-164.48911592660866,-11266392.518319499,0.0,-13361725.575248621,-812291.9305017714,49200.04770059977
6.187985529798078,-281.846116748338,-12351.168212050978,-5073230.101470085,-14821401.854461173,-281846.116748338,-5065087.965574211,0.0,-14054777.62060973,-563692.233496676,22571.64527944289,-16482229.04961041,-11571451.971042212,-126.83075253675207,-11571451.967766551,0.0,-13723520.235612199,-626324.7038851955,28525.40233101975
6.219718788925247,-191.7165001435002,-12593.453792416267,-3450897.0025830036,-15112144.55089952,-191716.50014350022,-3447745.942878821,0.0,-14330481.901715059,-383433.00028700044,10251.976430100389,-11211491.236462,-11798442.317893578,-86.27242506457509,-11211491.223781332,0.0,-13992726.436018074,-426036.666985556,12959.5395707516
6.251452048052417,-97.0362230502407,-12742.89969053098,-1746652.0149043326,-15291479.628637174,-97036.22305024069,-1745956.8753548777,0.0,-14500541.02715594,-194072.4461004814,2596.9631096869707,-5674632.92691466,-11938453.853856338,-43.666300372608305,-5674632.926610254,0.0,-14158777.433923312,-215636.0512227571,3283.3432449260727
6.283185307179586,-0.0,-12793.414403761311,-0.0,-15352097.284513576,-0.0,0.0,0.0,-14558023.287038729,-0.0,0.0,-0.0,-11985779.626442403,-0.0,0.0,0.0,-14214904.893068124,-0.0,0.0
6.283185307179586,0.0,-321838.5744414142,0.0,-386206289.329697,0.0,0.0,0.0,-366230101.9505747,0.0,0.0,0.0,-301521244.1964714,0.0,0.0,0.0,-357598416.0460158,0.0,0.0
6.314918566306756,2441.0996712876604,-320567.7969318866,43939794.08317789,-384681356.3182639,2441099.6712876605,43953696.27705836,0.0,-364784044.7845605,4882199.342575321,65330.71459430456,142754366.74196845,-300330689.5327407,1098.4948520794471,142754366.74469182,0.0,-356186441.03542954,5424665.936194801,82597.69253140688
6.346651825433925,4822.931795669867,-316808.2489889062,86812772.3220576,-380169898.7866875,4822931.795669867,86862577.57604516,0.0,-360505938.50461733,9645863.591339733,257904.6824669838,282042795.0684133,-296808477.89185464,2170.31930805144,282042795.0765506,0.0,-352009165.54322916,10717626.212599704,326017.7157742679
6.378385084561095,7090.284857767503,-310713.1719960473,127625127.43981507,-372855806.39525676,7090284.857767502,127725554.94919987,0.0,-353570161.2368813,14180569.715535006,567825.438172102,414636541.3899125,-291098176.6902358,3190.628185995376,414636541.4043373,0.0,-345236857.77338594,15756188.572816674,717601.6137556136
6.410118343688265,9195.519734728203,-302521.8067630146,165519355.22510767,-363026168.1156175,9195519.734728202,165679288.47742677,0.0,-344248952.5234303,18391039.46945641,979728.369879067,537749692.0893687,-283423923.71724004,4137.983880627691,537749692.1102204,0.0,-336135340.847794,20434488.29939601,1237705.018744558
6.441851602815435,11101.123184777256,-292537.9974509193,199820217.32599062,-351045596.94110316,11101123.184777256,200043837.90038806,0.0,-332888066.0648391,22202246.369554512,1474268.161796838,649188490.3378513,-274070381.7720955,4995.505433149764,649188490.3648806,0.0,-325042219.38991034,24669162.632838346,1861610.4476592243
6.473584861942604,12781.071617616923,-281105.17750081356,230059289.11710465,-337326213.00097626,12781071.617616922,230347052.87403062,0.0,-319878305.43196017,25562143.235233843,2029843.5094834268,747431088.7495277,-263359303.7044239,5751.482227927615,747431088.7822541,0.0,-312339086.11201507,28402381.37248205,2561743.8598053455
6.505318121069774,14220.996930013918,-268581.1988651535,255977944.74025053,-322297438.6381842,14220996.930013917,256327457.44710377,0.0,-305626881.46724355,28441993.860027835,2624311.062980056,831637247.369235,-251625950.64981154,6399.448618506262,831637247.4070402,0.0,-298423554.294615,31602215.40003093,3309875.2750541866
6.537051380196943,15417.331054714783,-255315.9178169116,277511958.98486614,-306379101.38029397,15417331.054714784,277918761.93892866,0.0,-290531906.4813131,30834662.109429564,3236482.9626573324,901598307.2932622,-239198092.82318592,6937.798974621652,901598307.3354547,0.0,-283684353.12990177,34260735.67714396,4079038.6911653876
6.568784639324113,16375.720927742304,-241633.47445653044,294762976.6993615,-289960169.3478365,16375720.927742304,295221234.99996865,0.0,-274962229.55398285,32751441.85548461,3847275.3784811497,957644498.6983805,-226379407.70183212,7369.0744174840365,957644498.7442437,0.0,-268481638.2850338,36390490.95053846,4845000.967497021
6.600517898451282,17109.041803751687,-227820.11270593046,307962752.4675303,-273384135.24711657,17109041.80375169,308465836.296281,0.0,-259243576.52743804,34218083.60750337,4440455.632370144,1000528760.4533151,-213438068.93035108,7699.068811688258,1000528760.5021433,0.0,-253133458.56214496,38020092.89722597,5587212.86528191
6.632251157578452,17635.307772630473,-214117.4412627943,317435539.9073486,-256940929.51535314,17635307.77263047,317976494.25553226,0.0,-243650881.43697277,35270615.54526094,5003003.753544584,1031304548.1070453,-200600432.70380244,7935.888497683712,1031304548.158168,0.0,-237908268.06977147,39189572.82806772,6289263.485446587
6.663984416705622,17975.7092461099,-200720.37876713346,323562766.4299782,-240864454.52056015,17975709.2461099,324134671.95647967,0.0,-228405948.25225526,35951418.4922198,5525150.351188481,1051211067.0239708,-188049112.65374154,8089.069160749454,1051211067.0767709,0.0,-223022643.07459274,39946020.54691089,6938918.599769309
6.695717675832792,18152.924206811083,-187778.6887984929,326752635.7225995,-225334426.55819148,18152924.206811085,327348869.8758377,0.0,-213679197.59828493,36305848.41362216,6000174.776466221,1061574515.0181922,-175924417.94266728,8168.815893064987,1061574515.0721152,0.0,-208642987.553881,40339831.570691295,7527851.661483839
6.727450934959961,18189.772954337797,-175400.94227671338,327415913.1780803,-210481130.73205605,18189772.954337798,328030325.06582767,0.0,-199594175.69419104,36379545.908675596,6424049.895268813,1063729412.5343742,-164328065.52259746,8185.3978294520075,1063729412.5889328,0.0,-194889935.86301488,40421717.67630622,8051179.083800763
6.759184194087131,18108.226004750795,-163659.85970096922,325948068.08551437,-196391831.64116305,18108226.004750796,326575082.60613865,0.0,-186233633.452827,36216452.00950159,6795009.167306468,1058960585.073146,-153328185.1241826,8148.701702137856,1058960585.1279196,0.0,-181844288.55663246,40240502.23277955,8506897.455541834
6.7909174532143,17928.735017526138,-152598.19542376994,322717230.3154705,-183117834.50852394,17928735.01752614,323351897.1459613,0.0,-173646222.37877265,35857470.03505228,7113094.7906255275,1048464036.1126398,-142964832.0626871,8067.930757886763,1048464036.1672729,0.0,-169553550.4708555,39841633.37228031,8895298.346240312
6.82265071234147,17669.835296380807,-142234.56152680397,318057035.33485454,-170681473.83216476,17669835.296380803,318695037.10327697,0.0,-161853121.73739758,35339670.59276161,7379727.535016328,1033323701.5427372,-133255443.4586845,7951.425883371361,1033323701.5969343,0.0,-158038401.69644886,39266300.658624016,9218412.844041124
6.854383971468639,17347.96121347702,-132568.80548637523,312263301.8425864,-159082566.5836503,17347961.213477023,312900933.78952175,0.0,-150854157.96725455,34695922.42695404,7597322.712859273,1014500655.7588902,-124199876.41713908,7806.582546064659,1014500655.8124098,0.0,-147298672.76263916,38551024.91883782,9479517.043358535
6.88611723059581,16977.418027895736,-123586.73172083114,305593524.50212324,-148304078.06499738,16977418.027895734,306227655.63428444,0.0,-140633177.4754285,33954836.05579147,7768963.980343133,992831463.6196338,-115784831.50851724,7639.8381125530805,992831463.6722825,0.0,-137318590.8009235,37727595.61754608,9682713.228172168
6.917850489722979,16570.460844568795,-115264.08645909384,298268295.2022383,-138316903.7509126,16570460.844568796,298896318.6894256,0.0,-131162581.14310676,33140921.689137593,7898137.593315095,969032797.9279999,-107987586.07676522,7456.707380055957,969032797.979626,0.0,-128071207.17677094,36823246.32126399,9832589.814224072
6.949583748850149,16137.440814076286,-107569.8118823519,290473934.65337324,-129083774.25882228,16137440.814076286,291093713.20837766,0.0,-122407027.31440042,32274881.628152575,7988523.949003823,943709989.1272683,-100779042.95046316,7261.848366334328,943709989.1777565,0.0,-119522013.20261323,35860979.58683619,9933955.676672235
6.981317007977318,15686.988124449617,-100468.62727310092,282365786.2400931,-120562352.72772111,15686988.124449618,282975596.5364119,0.0,-114326368.9659424,31373976.248899233,8043840.030501977,917367726.576001,-94126148.64664517,7059.144656002327,917367726.6252663,0.0,-111631808.08122325,34859973.60988804,9991640.38974116
7.013050267104488,15226.20978851439,-93923.02103900549,274071776.193259,-112707625.24680658,15226209.78851439,274670255.0334966,0.0,-106877920.4926614,30452419.57702878,8067725.002545446,890421625.0593212,-87993759.64029284,6851.794404831475,890421625.1073039,0.0,-104358912.26556166,33836021.7522542,10010350.188929312
7.044783526231657,14760.887216398965,-87894.74617266057,265695969.89518142,-105473695.40719269,14760887.216398966,266282063.8184312,0.0,-100018159.4378551,29521774.43279793,8063661.046383783,863209778.7367817,-82346043.41729698,6642.399247379533,863209778.7834437,0.0,-97660829.08073397,32801971.5919977,9994569.305838257
7.076516785358827,14295.66400646633,-82345.90953627523,257321952.11639392,-98815091.44353028,14295664.00646633,257894871.38045895,0.0,-93703966.0240373,28591328.01293266,8034922.071995623,836003743.0682065,-77147498.99374643,6433.048802909848,836003743.1135267,0.0,-91495455.04030581,31768142.236591846,9948497.077412829
7.108250044485997,13834.218426059348,-77239.73715094094,249015931.66906828,-92687684.58112913,13834218.426059347,249575109.01186618,0.0,-87893493.99934657,27668436.852118693,7984543.853654951,809018621.4069796,-72363673.8932909,6225.398291726706,809018621.4509509,0.0,-85821930.16771217,30742707.613465216,9876012.437450513
7.139983303613167,13379.417915339223,-72541.08671922391,240829522.47610605,-87049304.06306869,13379417.915339224,241374576.7009598,0.0,-82546753.85290995,26758835.830678444,7915310.166477546,782422100.3122354,-67961644.31472184,6020.738061902651,782422100.3548623,0.0,-80601207.46580434,29732039.811864942,9780658.757282019
7.171716562740336,12933.45488183394,-68216.76700859555,232802187.87301093,-81860120.41031466,12933454.88183394,233332892.07188615,0.0,-77625976.25116043,25866909.76366788,7829750.515693493,756342390.7505229,-63910314.353063256,5820.054696825273,756342390.7918186,0.0,-75796407.78732839,28741010.84851987,9665643.332569309
7.203449821867506,12497.964289417545,-64235.712687940446,224963357.2095158,-77082855.22552854,12497964.289417544,225479611.30134872,0.0,-73095810.98972532,24995928.57883509,7730145.970616676,730875104.6443009,-60180579.79883513,5624.083930237895,730875104.6842859,0.0,-71373014.09771161,27773253.976483434,9533847.01643528
7.235183080994675,12074.124276539127,-60569.053360517646,217334236.97770435,-72682864.03262118,12074124.276539128,217836044.16797733,0.0,-68923405.54817523,24148248.553078253,7618540.408085227,706089138.9788964,-56745392.81303653,5433.355924442606,706089139.017596,0.0,-67298948.17835294,26831387.281198062,9387840.533274077
7.266916340121845,11662.741417978055,-57190.10711372085,209929345.523605,-68628128.53646502,11662741.417978056,210416792.26512563,0.0,-65078397.75009612,23325482.83595611,7496755.128327604,682031661.8700619,-53579755.88410268,5248.233638090124,682031661.9075055,0.0,-63544563.45968983,25917203.151062347,9229904.864214588
7.298649599249014,11264.32238861508,-54074.32192115658,202757802.99507147,-64889186.30538789,11264322.38861508,203231042.03287572,0.0,-61532849.0826954,22528644.777230162,7366405.337341633,658732303.4277825,-50660666.92920819,5068.945074876787,658732303.4640026,0.0,-60082579.9123962,25031827.530255735,9062053.784930203
7.3303828583761845,10879.13378185922,-51199.18257538564,195824408.07346594,-61439019.09046276,10879133.78185922,196283644.17766705,0.0,-58261138.7926802,21758267.56371844,7228917.408747625,636206653.909896,-47967032.10224654,4895.610201836648,636206653.9449265,0.0,-56887980.63931738,24175852.848576047,8886057.179116875
7.362116117503353,10507.251739772179,-48544.09633355668,189130531.31589922,-58252915.600268014,10507251.739772178,189576009.33728337,0.0,-55239833.758874826,21014503.479544356,7085546.161974575,614459166.0685486,-45479558.65853436,4728.26328289748,614459166.1024251,0.0,-53937884.81506298,23349448.31060484,8703464.169406343
7.3938493766305236,10148.602907973707,-46090.26694077587,182674852.34352675,-55308320.32893105,10148602.907973707,183106847.26240823,0.0,-52447545.13950357,20297205.815947417,6937391.639681451,593485550.1739011,-43180636.930953115,4566.871308588168,593485550.2066598,0.0,-51211407.71197319,22552450.90660824,8515625.424325176
7.425582635757693,9802.998063524308,-43820.563982011416,176453965.14343756,-52584676.7784137,9802998.063524308,176872773.8192211,0.0,-49864779.70366815,19605996.127048615,6785415.0510542095,573274740.5569772,-41054217.92953025,4411.349128585938,573274740.588654,0.0,-48689515.53556824,21784440.14116513,8323714.235603057
7.457315894884863,9470.159595605277,-41719.3924453374,170462872.720895,-50063270.93440488,9470159.595605277,170868807.0857456,0.0,-47473791.403314956,18940319.191210553,6630453.682447549,553810502.6669754,-39085691.1390181,4261.571818022374,553810502.6976063,0.0,-46354880.494819336,21044799.101345062,8128746.132253688
7.489049154012032,9149.743857456682,-39772.56582257198,164695389.43422028,-47727078.98708638,9149743.857456682,165088770.90791395,0.0,-45258436.970512934,18299487.714913364,6473234.673914466,535072740.2021452,-37261765.63055517,4117.384735855506,535072740.23176575,0.0,-44191739.80285776,20332764.127681516,7931596.921012256
7.520782413139202,8841.359259455574,-37967.184915751524,159144466.67020035,-45560621.898901835,8841359.259455573,159525621.6039474,0.0,-43204038.00757931,17682718.518911146,6314387.628496181,517038553.1845366,-35570356.51895984,3978.6116667550086,517038553.2131814,0.0,-42185761.0175017,19647465.02101239,7733019.128699269
7.552515672266371,8544.580840114915,-36291.523668363945,153802455.12206846,-43549828.402036734,8544580.840114914,154171711.10659447,0.0,-41297251.070896894,17089161.68022983,6154456.067908458,499683090.0651998,-34000478.00131781,3845.0613780517115,499683090.09290254,0.0,-40323915.18707105,18987957.422477588,7533656.88026423
7.584248931393541,8258.961934862451,-34734.92272609986,148661314.82752413,-41681907.27131984,8258961.934862452,149018997.72495368,0.0,-39525946.55038948,16517923.869724901,5993907.779041801,482980230.10891527,-32542143.637130816,3716.532870688103,482980230.1357087,0.0,-38594358.5845554,18353248.74413878,7334059.283923425
7.615982190520711,7984.043461250677,-33287.69099580418,143712782.3025122,-39945229.19496502,7984043.461250678,144059213.88277686,0.0,-37879096.65039785,15968086.922501354,5833144.114806544,466903126.38892853,-31186274.121748034,3592.819557562804,466903126.4148443,0.0,-36986323.328671314,17742318.802779283,7134692.417555578
7.6477154496478805,7719.361252618389,-31941.01516872731,138948502.547131,-38329218.20247277,7719361.252618389,139283998.6279509,0.0,-36346672.433379345,15438722.505236777,5672508.323576648,451424634.65604615,-29924612.521319073,3473.712563678275,451424634.6811146,0.0,-35490016.85414146,17154136.116929755,6935950.022611994
7.67944870877505,7464.4517987163645,-30686.87697068246,134360132.37689456,-36824252.36481895,7464451.798716364,134685001.38214117,0.0,-34919549.656293824,14928903.597432729,5512292.986288786,436517649.04774064,-28749646.74686173,3359.0033094223636,436517649.071991,0.0,-34096529.96742496,16587670.663814144,6738163.016431585
7.7111819679022195,7218.856689864746,-29517.97777102472,129939420.41756545,-35421573.32522967,7218856.689864745,130253962.28228745,0.0,-33589422.98082123,14437713.37972949,5352746.6409720965,422155361.98039454,-27654538.92259681,3248.4855104391354,422155362.0038548,0.0,-32797753.07891636,16041903.755254991,6541607.933395835
7.742915227029389,6982.126009296132,-28427.670104513123,125678268.16733037,-34113204.12541575,6982126.009296132,125982773.52920061,0.0,-32348728.0499632,13964252.018592265,5194079.672475103,408311462.5319376,-26633061.23076291,3141.956704183259,408311462.55463445,0.0,-31586300.11612569,15515835.576213626,6346514.401557738
7.774648486156559,6753.820875025665,-27409.895620073145,121568775.750462,-32891874.744087774,6753820.875025665,121863525.37713867,0.0,-31190570.87801426,13507641.750051329,5036469.541406862,394960285.0892202,-25679537.777608205,3039.219393761549,394960285.1111793,0.0,-30455439.57785905,15008490.833390368,6153071.7554946095
7.806381745283728,6533.515296579483,-26459.128957013785,117603275.3384307,-31750954.74841654,6533515.296579483,117888539.74856608,0.0,-30108663.985567406,13067030.593158966,4880065.421522636,382076917.9286248,-24788792.012642823,2940.081883460767,382076917.94987035,0.0,-29399032.174459763,14518922.88128774,5961434.8790618405
7.8381150044108985,6320.797482068954,-25570.32705402237,113774354.67724118,-30684392.46482684,6320797.482068954,114050393.91982624,0.0,-29097268.716646142,12641594.964137906,4724992.30947081,369637279.65315527,-23956099.23770342,2844.3588669310293,369637279.67371047,0.0,-28411474.5044693,14046216.6268199,5771729.364107849
7.869848263538068,6115.270706419187,-24738.883413147643,110074872.71554537,-29686660.095777173,6115270.706419187,110341936.27814032,0.0,-28151143.19427145,12230541.412838375,4571354.6653143,357618169.96603435,-23177143.75820285,2751.871817888634,357618169.98592114,0.0,-27487648.236830715,13589490.458709305,5584056.063469229
7.9015815226652375,5916.553831199243,-23960.5868655076,106497968.96158639,-28752704.238609124,5916553.831199244,106756295.78291869,0.0,-27265495.398681056,11833107.662398487,4419239.636789205,345997300.0701312,-22447980.251915436,2662.4492240396594,345997300.0893705,0.0,-26622874.295008447,13147897.402664986,5398495.108999541
7.933314781792407,5724.281549730443,-23231.58441441871,103037067.89514798,-27877901.29730245,5724281.549730442,103286886.46170405,0.0,-26435940.885373008,11448563.099460885,4268719.915013308,334753307.00178033,-21764998.957780316,2575.926697378699,334753307.020392,0.0,-25812871.571576346,12720625.66606765,5215109.458171921
7.9650480409195765,5538.104417356134,-22548.347762749432,99685879.51241043,-27058017.315299317,5538104.417356133,99927408.02212752,0.0,-25658464.69554245,11076208.834712267,4119856.2644007485,323865755.4009435,-21124894.316347867,2492.14698781026,323865755.41894627,0.0,-25053719.73638826,12306898.705235854,5033948.026043214
7.996781300046746,5357.688715430911,-21907.64316296778,96438396.8777564,-26289171.795561336,5357688.715430911,96671843.45684111,0.0,-24929387.047515053,10715377.43086182,3972699.764931092,313315129.5573632,-20524636.723162025,2410.959921943909,313315129.574775,0.0,-24341825.736630864,11905974.923179802,4855048.4531346
8.028514559173916,5182.716188295294,-21306.50425949983,93288891.38931529,-25567805.111399796,5182716.188295294,93514454.3506645,0.0,-24245332.433223937,10365432.376590589,3827293.8006751463,303082818.0289646,-19961447.08555209,2332.222284732882,303082818.0458021,0.0,-23673893.62166648,11517147.085100655,4678439.554079259
8.060247818301086,5012.8836848938845,-20742.207622936425,90231906.32808992,-24890649.14752371,5012883.684893884,90449774.46184485,0.0,-23603201.7778242,10025767.36978777,3683675.8246074896,293151092.6838529,-19432773.901339192,2255.797658202248,293151092.70013213,0.0,-23046897.35881825,11139741.52198641,4504143.486716265
8.091981077428255,4847.902730467085,-20212.250703883907,87262249.14840755,-24254700.84466069,4847902.730467085,87472602.0368952,0.0,-23000147.352695476,9695805.46093417,3541878.926213775,283503083.65304595,-18936272.604437217,2181.5562287101884,283503083.668782,0.0,-22458056.337648787,10773117.178815745,4332177.676634584
8.123714336555425,4687.499048660412,-19714.331960605858,84374982.87588742,-23657198.35272703,4687499.048660412,84577991.22665192,0.0,-22433550.162068732,9374998.097320825,3401933.2252176814,274122751.3836498,-18469786.9470156,2109.3745718971854,274122751.3988569,0.0,-21904813.289562065,10416664.552578693,4162556.5279691145
8.155447595682594,4531.412050244106,-19246.332938940493,81565416.9043939,-23095599.526728593,4531412.050244106,81761242.89623779,0.0,-21900999.551208142,9062824.10048821,3263867.111876171,264994856.7394214,-18031332.21069262,2039.1354226098474,264994856.75411287,0.0,-21384814.37660055,10069804.556098012,3995292.947474137
8.187180854809764,4379.394301253641,-18806.30210528553,78829097.42256555,-22567562.526342634,4379394.301253641,79017895.06054881,0.0,-21400274.809462838,8758788.602507282,3127708.35169586,256104929.8978738,-17619080.060126975,1970.7274355641382,256104929.9120624,0.0,-20895891.228095032,9731987.336119203,3830399.705508223
8.218914113936933,4231.21098061223,-18392.440253772027,76161797.65102014,-22070928.304526433,4231210.98061223,76343713.12723377,0.0,-20929328.56463713,8462421.96122446,2993485.070079332,247439238.63229415,-17231344.871421304,1904.0449412755033,247439238.6459919,0.0,-20436044.726413365,9402691.068027178,3667890.654515628
8.250647373064103,4086.6393350635035,-18003.087327185694,73559508.03114307,-21603704.79262283,4086639.335063503,73734680.08881593,0.0,-20486271.786107857,8173278.670127006,2861226.6302862577,238984756.43646222,-16866571.385024883,1838.9877007785763,238984756.44968036,0.0,-20003430.363539662,9081420.744585564,3507781.8228352685
8.282380632191273,3945.4681374349034,-17636.71050785624,71018426.47382827,-21164052.60942749,3945468.1374349035,71186986.772961,0.0,-20069360.233077787,7890936.274869806,2730964.4161636047,230729130.84414643,-16523323.548432592,1775.4606618457065,230729130.85689557,0.0,-19596345.00872916,8767706.972077563,3350092.399169406
8.314113891318442,3807.497152792762,-17291.89344974583,68534948.75026971,-20750272.139694992,3807497.152792762,68697022.23354393,0.0,-19676982.201434903,7614994.305585523,2602732.5293358415,222660652.21010303,-16200274.428040266,1713.3737187567426,222660652.22239324,0.0,-19213214.944162033,8461104.783983916,3194845.6207595896
8.345847150445612,3672.5366158743445,-16967.326536461605,66105659.0857382,-20360791.843753926,3672536.6158743445,66261364.34393695,0.0,-19307647.43804251,7345073.231748688,2476568.4089228585,214768223.1505465,-15896197.082158653,1652.6414771434547,214768223.16238716,0.0,-18852585.040512897,8161192.479720766,3042069.5762056783
8.377580409572783,3540.4067222396634,-16661.798062023023,63727321.00031395,-19994157.67442763,3540406.722239663,63876770.63693115,0.0,-18959977.105060674,7080813.444479328,2352513.3803503606,207041328.78594524,-15609956.29852959,1593.1830250078485,207041328.79734528,0.0,-18513108.957803357,7867570.493865919,2891797.931891497
8.409313668699951,3410.9371348331842,-16374.186242060674,61396868.42699732,-19649023.49047281,3410937.134833184,61540169.422122486,0.0,-18632694.68924145,6821874.269666368,2230613.13841366,199470007.88498154,-15340501.109849447,1534.921710674933,199470007.89594927,0.0,-18193540.268956304,7579860.299629299,2744070.5891119614
8.44104692782712,3283.966507047925,-16103.451972829756,59111397.12686265,-19324142.367395706,3283966.5070479247,59248651.20081956,0.0,-18324617.76218558,6567933.01409585,2110918.168434866,192044824.9735629,-15086858.009898456,1477.7849281715662,192044824.98410618,0.0,-17892724.414255284,7297703.348995389,2598934.27720139
8.47278018695429,3159.3420229127537,-15848.632264101429,56868156.41242957,-19018358.716921713,3159342.0229127537,56999460.390036434,0.0,-18034650.50742576,6318684.0458255075,1993484.1081014387,184756843.44519028,-14848124.801006697,1421.703910310739,184756843.45531648,0.0,-17609591.404557142,7020760.050917231,2456443.0862126183
8.50451344608146,3036.918954654904,-15608.83427975177,54664541.18378827,-18730601.135702122,3036918.954654904,54789987.36050947,0.0,-17761776.939027872,6073837.909309808,1878372.0513822157,177597599.6874213,-14623465.010854423,1366.613529594707,177597599.69713736,0.0,-17343149.19972419,6748708.7881220095,2316658.940969147
8.53624670520863,2916.5602376034076,-15383.229926798427,52498084.27686134,-18459875.912158113,2916560.2376034074,52617760.78855217,0.0,-17505054.744287863,5833120.475206815,1765648.7947780583,170559078.2224215,-14412102.823097112,1312.4521069215334,170559078.23173392,0.0,-17092477.696442697,6481244.9724520175,2179652.0165871456
8.5679799643358,2798.136062180495,-15171.050939825383,50366449.11924892,-18205261.127790462,2798136.0621804954,50480440.31767457,0.0,-17263609.690146122,5596272.12436099,1655387.0250791926,163633687.8468126,-14213318.472105322,1259.1612279812225,163633687.8557275,0.0,-16856723.26647265,6218080.138178878,2045501.0938297864
8.599713223462969,2681.523482563747,-14971.584413265486,48267422.68614745,-17965901.295918584,2681523.482563747,48375809.5230074,0.0,-17036630.539233133,5363046.965127494,1547665.446773963,156814238.746418,-14026444.057289528,1206.6855671536862,156814238.7549411,0.0,-16635093.792517208,5958941.072363882,1914293.850907389
8.631446482590139,2566.606041479436,-14784.168738949533,46198908.74662986,-17741002.48673944,2566606.0414794357,46301769.16946605,0.0,-16823364.427080497,5133212.082958872,1442568.8462929819,150093920.554353,-13850859.737107443,1154.9727186657462,150093920.56248966,0.0,-16426854.15438837,5703568.981065414,1786127.086575226
8.663179741717308,2453.2734105023605,-14608.18991074499,44158921.3890425,-17529827.89289399,2453273.4105023607,44256330.753187515,0.0,-16623112.65705464,4906546.82100472,1340188.0894001499,143466281.31592754,-13685990.266987013,1103.973034726062,143466281.32368279,0.0,-16231322.12304999,5451718.690005246,1661106.8676275387
8.694913000844478,2341.421045176884,-14443.07816205233,42145578.81318392,-17331693.794462796,2341421.045176884,42237610.31485694,0.0,-16435226.874059545,4682842.090353768,1240620.0472759055,136925207.32028562,-13531301.84909406,1053.6394703295978,136925207.3276642,0.0,-16047864.62450259,5203157.8781708535,1539348.5921643982
8.726646259971648,2230.949854237845,-14288.304905455836,40157097.37628122,-17145965.886547003,2230949.854237845,40243822.51312024,0.0,-16259105.58207043,4461899.70847569,1143967.4462168654,130464903.75659914,-13386299.265179712,1003.9274344070302,130464903.76360548,0.0,-15875894.339395374,4957666.342750767,1420976.9583714847
8.758379519098817,2121.765882188652,-14143.379946982566,38191785.87939574,-16972055.93637908,2121765.882188652,38273274.94619829,0.0,-16094190.97415257,4243531.764377303,1050338.6354333507,124079876.15138318,-13250523.266700273,954.7946469848932,124079876.15802142,0.0,-15714866.607758407,4715035.29375256,1306125.8270612601
8.790112778225987,2013.7800044868789,-14007.84895025126,36248040.080763824,-16809418.740301512,2013780.0044868789,36324362.71009253,0.0,-15939966.046837637,4027560.0089737573,959847.2672120659,117764912.54309234,-13123548.199051725,906.2010020190955,117764912.54936638,0.0,-15564276.611390289,4475066.676637509,1194937.9649688844
8.821846037353156,1906.9076345902733,-13881.291128326107,34324337.42262493,-16657549.35399133,1906907.6345902733,34395563.18235251,0.0,-15795951.973612463,3813815.269180547,872611.8837759094,111515066.3503084,-13004979.83913434,858.1084355656228,111515066.35622191,0.0,-15423656.80925123,4237572.521311719,1087564.6548851728
8.853579296480326,1801.0684421260207,-13763.317143363405,32419231.958268374,-16515980.572036088,1801068.4421260208,32485431.021269765,0.0,-15661705.714861803,3602136.884252041,788755.4055716991,105325639.89041057,-12894453.427592441,810.4807989567091,105325639.89596698,0.0,-15292574.603737118,4002374.3158356017,984165.1582737761
8.885312555607495,1696.1860814616434,-13653.567196179882,30531349.46630959,-16384280.63541586,1696186.0814616433,30592593.371608905,0.0,-15536817.843928827,3392372.162923287,708404.5165060321,99192168.50652887,-12791631.878986256,763.2837366577394,99192168.51173143,0.0,-15170630.217977647,3769302.403248097,884906.0162112731
8.917045814734665,1592.1879299749758,-13551.70928970616,28659382.73954957,-16262051.147647392,1592187.9299749755,28715745.269648604,0.0,-15420910.571044935,3184375.859949951,631688.942880284,93110405.2616945,-12696204.15487174,716.4845684887391,93110405.26654628,0.0,-15057454.766340178,3538195.3999443906,789960.1754705636
8.948779073861836,1489.0048353422167,-13457.437651940101,26802087.036159903,-16148925.18232812,1489004.8353422168,26853645.24251288,0.0,-15313635.948759422,2978009.670684433,558740.6244907416,87076306.16036355,-12607883.786311211,670.0521759039975,87076306.16486748,0.0,-14952708.502155669,3308899.634093815,699505.9285066845
8.980512332989004,1386.5708711867974,-13370.471305503796,24958275.681362353,-16044565.566604555,1386570.8711867973,25005111.099737283,0.0,-15214674.244193971,2773141.7423735945,489692.7785844803,81086015.85887705,-12526407.533732701,623.9568920340588,81086015.86303592,0.0,-14856079.22833755,3081268.6026373277,613725.6591564296
9.012245592116175,1284.8231004542777,-13290.552772252282,23126815.808177,-15948663.326702738,1284823.1004542776,23169015.919003926,0.0,-15123732.464976732,2569646.200908555,424678.86009650957,75135853.82773554,-12451534.173315365,578.170395204425,75135853.83155209,0.0,-14767280.858058091,2855162.4454539507,532804.3901510146
9.043978851243343,1183.7013459039583,-13217.446902598595,21306624.226271253,-15860936.283118315,1183701.3459039584,21344284.233572274,0.0,-15040543.027094949,2367402.691807917,363831.42481228523,69222300.93005605,-12383043.400218004,532.6656056567812,69222300.93353294,0.0,-14686052.11399844,2630447.43534213,456928.13413982186
9.075712110370514,1083.147967129342,-13150.939820322672,19496663.408328157,-15781127.784387207,1083147.9671293423,19529888.436782394,0.0,-14964862.554160278,2166295.934258684,307280.905729495,63341986.381832875,-12320734.840001076,487.41658520820386,63341986.384972796,0.0,-14612155.35591408,2406995.4825096494,386282.05681641866
9.107445369497682,983.1076435435978,-13090.837974634385,17695937.58378476,-15709005.569561262,983107.6435435978,17724845.430469632,0.0,-14896470.798721883,1966215.2870871953,255154.31682691537,57491675.061029114,-12264427.160531985,442.39843959461894,57491675.063834846,0.0,-14545375.527371539,2184683.6523191063,321048.4688136894
9.139178628624853,883.5271627862047,-13036.967292174973,15903488.930151686,-15644360.750609968,883527.1627862047,15928213.561082143,0.0,-14835169.67730255,1767054.3255724092,207573.90252345707,51668255.13369619,-12213957.277519774,397.5872232537921,51668255.13617068,0.0,-14485519.213527748,1963393.695080455,261404.67203840055
9.170911887752023,784.3552140282925,-12989.172422477122,14118393.852509264,-15587006.906972548,784355.2140282925,14139089.913128879,0.0,-14780782.411784308,1568710.428056585,164655.75512811262,45868725.966566816,-12169179.647608517,352.95984631273154,45868725.96871336,0.0,-14432413.802752359,1743011.5867295389,207520.69565636665
9.202645146879192,685.5421856706095,-12947.316071171512,12339759.34207097,-15536779.285405813,685542.1856706095,12356608.069776561,0.0,-14733152.770643441,1371084.371341219,126508.42629730795,40090186.29652687,-12129965.64367783,308.49398355177425,40090186.29834932,0.0,-14385906.745746125,1523427.079268021,159556.96647179686
9.234378406006362,587.039966948203,-12911.278415934874,10566719.405067654,-15493534.099121848,587039.966948203,10579936.514822513,0.0,-14692144.40433968,1174079.9338964059,93231.56166926213,34329822.62854988,-12096203.007661518,264.1679851266913,34329822.63005302,0.0,-14345864.906594304,1304533.2598848955,117661.96730460133
9.266111665133531,488.8017529674565,-12880.956600830365,8798431.553414218,-15457147.920996439,488801.7529674565,8808277.956066063,0.0,-14657640.269910412,977603.505934913,64914.590157744475,28584897.83435418,-12067795.3768097,219.9607888353554,28584897.83554433,0.0,-14312174.000922628,1086226.1177054588,81969.9443932157
9.297844924260701,390.78185271734316,-12856.264305301025,7034073.348912178,-15427517.16636123,390781.85271734314,7040870.029736679,0.0,-14629542.140514957,781563.7054346864,41635.50061178859,22852739.924990833,-12044661.879891265,175.8518337228044,22852739.925876968,0.0,-14284738.117001139,868404.1171496515,52598.73006588034
9.32957818338787,292.9354996090421,-12837.131384649585,5272838.992962758,-15404557.661579503,292935.4996090421,5276988.1609054115,0.0,-14607770.196325386,585870.9992180842,23459.738467275165,17130730.971289013,-12026736.800369808,131.8209748240689,17130730.971884977,0.0,-14263479.316277318,650967.7769089824,29647.749203687534
9.36131144251504,195.2186641042921,-12823.503579377037,3513935.9538772576,-15388204.295252446,195218.66410429208,3515951.9299600115,0.0,-14592262.693773866,390437.32820858416,10439.253489469178,11416296.146449832,-12013969.304091347,87.84839884693143,11416296.146779208,0.0,-14248337.31041893,433819.25356509356,13196.276796801016
9.39304470164221,97.58786800794864,-12815.342291265772,1756581.6241430757,-15378410.749518927,97587.86800794865,1757137.3922984637,0.0,-14582975.7107507,195175.73601589727,2611.726685177535,5706892.86596191,-12006323.229503099,43.91454060357688,5706892.866070783,0.0,-14239269.212517524,216861.92890655255,3302.0088492529467
9.42477796076938,0.0,-12812.624424584257,0.0,-15375149.309501108,0.0,0.0,0.0,-14579882.96590622,0.0,0.0,0.0,-12003776.93888274,0.0,0.0,0.0,-14236249.360649176,0.0,0.0
9.42477796076938,-0.0,-509.31500099997726,-0.0,-611178.0011999727,-0.0,0.0,0.0,-579565.3459654911,-0.0,0.0,-0.0,-477162.48139607377,-0.0,0.0,0.0,-565905.5566666414,-0.0,0.0
9.45651121989655,-3.87828299550709,-509.3002347973282,-69809.09391912761,-611160.2817567938,-3878.2829955070897,-69781.31101693492,0.0,-579548.5430452354,-7756.565991014179,103.79379526164848,-226800.17517585325,-477148.6473682462,-1.7452273479781906,-226800.17516368697,0.0,-565889.1497748091,-8618.406656682422,131.22660667233868
9.488244479023718,-7.752660888791366,-509.255993084765,-139547.8959982446,-611107.191701718,-7752.660888791366,-139420.47296836157,0.0,-579498.199027491,-15505.32177758273,414.5709766395739,-453371.9818006648,-477107.1985884019,-3.4886973999561137,-453371.9812878821,0.0,-565839.9923164056,-17228.13530842526,524.0598252714844
9.519977738150889,-11.619232509725865,-509.1824463583675,-209146.1851750656,-611018.9356300409,-11619.232509725865,-208810.52197277837,0.0,-579414.5079250387,-23238.46501945173,930.5261951262946,-679487.2812705184,-477038.29478938266,-5.2286546293766385,-477038.2946543421,0.0,-565758.2737315195,-25820.516688279702,1175.9724985446665
9.551710997278057,-15.474104548438417,-509.0798781449045,-278533.88187189156,-610895.8537738854,-15474.104548438418,-277814.9936371317,0.0,-579297.7923717878,-30948.20909687683,1648.6745352001162,-904918.3946455217,-476942.201599211,-6.963347046797287,-476942.2014859145,0.0,-565644.3090498939,-34386.89899652982,2082.7943838611245
9.583444256405228,-19.31339547555996,-508.9486840525393,-347641.1185600793,-610738.4208630471,-19313.395475559963,-346230.92320419394,0.0,-579148.5025425446,-38626.790951119925,2564.8867751377984,-1129438.3319040914,-476819.2896517236,-8.691027964001982,-476819.2895359838,0.0,-565498.5378361548,-42918.65661235547,3238.773068150622
9.615177515532396,-23.133239450558968,-508.7893704433397,-416398.3101100615,-610547.2445320077,-23133.23945055897,-413679.99726269976,0.0,-578967.2146424209,-46266.47890111794,3673.9373158129165,-1352821.0205005244,-476670.03334288404,-10.409957752751534,-476670.0332191984,0.0,-565321.5227148219,-51407.19877901993,4636.656134387769
9.646910774659567,-26.929790214355286,-508.6025527291597,-484736.2238583952,-610323.0632749916,-26929.790214355286,-479205.2177758265,0.0,-578754.6289676643,-53859.58042871058,4969.563437153178,-1574841.5330032331,-476495.0092342443,-12.118405596459876,-476495.009100538,0.0,-565113.9474768441,-59843.978254122856,6267.791718931403
9.678644033786737,-30.699224962146438,-508.38895329297856,-552586.049318636,-610066.7439515743,-30699.224962146436,-539273.454084699,0.0,-578511.5675402858,-61398.44992429287,6444.534284446912,-1795276.3135758154,-476294.8941055069,-13.814651232965895,-476294.8939608161,0.0,-564876.6147699762,-68220.49991588098,8122.244113782537
9.710377292913906,-34.43774819265947,-508.1493990383397,-619879.4674678706,-609779.2788460077,-34437.74819265947,-580023.3111399525,0.0,-578238.9713194899,-68875.49638531894,8090.727809576376,-2013903.4030795011,-476070.4626586655,-15.496986686696758,-476070.4625024998,0.0,-564610.443375933,-76528.32931702105,10188.920783889422
9.742110552041076,-38.141595529907896,-507.88481857015546,-686548.7195383422,-609461.7822841866,-38141.59552990789,-593779.977436863,0.0,-577937.8969936251,-76283.19105981578,9899.213798240002,-2230502.6625677133,-475822.58487678226,-17.16371798845855,-475822.5847088923,0.0,-564316.4650779505,-84759.1011775731,12455.707087018178
9.773843811168245,-41.80703751358242,-507.596239010835,-752526.6752444836,-609115.486813002,-41807.03751358242,-597817.944777788,0.0,-577609.513357157,-83614.07502716484,11860.341101029539,-2444855.9949463406,-475552.22304111044,-18.813166881112085,-475552.2228613843,0.0,-563995.8211231501,-92904.52780796094,14909.605086503958
9.805577070295415,-45.430383354310344,-507.2847824564494,-817746.9003775863,-608741.7389477394,-45430.38335431034,-599293.8518803904,0.0,-577255.0972780285,-90860.76670862068,13963.827246427885,-2656747.564579552,-475260.428410978,-20.44367250943965,-475260.42821939127,0.0,-563649.7582849438,-100956.40745402299,17536.873106695013
9.837310329422584,-49.007984649969515,-506.9516620785015,-882143.7236994513,-608341.9944942017,-49007.98464996951,-599834.3679816311,0.0,-576876.0292617428,-98015.96929993904,16198.8487359992,-2865964.0146181006,-474948.3375716484,-22.05359309248628,-474948.3373682364,0.0,-563279.6245316684,-108906.63255548781,20323.163060132472
9.869043588549754,-52.536239059315704,-506.59817787780213,-945652.3030676828,-607917.8134533626,-52536.2390593157,-599934.2658301269,0.0,-576473.7886195679,-105072.4781186314,18554.13049266988,-3072294.681831328,-474617.16845625057,-23.641307576692064,-474617.1682410927,0.0,-562886.864308669,-116747.19790959045,23253.653034468356
9.900776847676923,-56.0115939292344,-506.2257120979864,-1008208.6907262193,-607470.8545175837,-56011.593929234405,-599789.2931781178,0.0,-576049.9482494326,-112023.1878584688,21018.033137245977,-3275531.8087271582,-474268.2160488346,-25.20521726815548,-474268.21582204336,0.0,-562473.0134422071,-124470.20873163201,26313.173126535665
9.932510106804093,-59.43054987196618,-505.8357243073314,-1069749.8976953914,-607002.8691687976,-59430.549871966185,-599492.1157193957,0.0,-575606.169039377,-118861.09974393235,23578.63699168089,-3475470.75274656,-473902.8477766696,-26.743747442384773,-473902.84753838484,0.0,-562039.6936748127,-132067.88860436928,29486.32301584375
9.964243365931264,-62.789664288689636,-505.42974615877176,-1130213.9571964135,-606515.6953905261,-62789.66428868964,-599092.641884992,0.0,-575144.1939048092,-125579.32857737927,26223.82193684514,-3671910.192321032,-473522.4986010534,-28.255348929910333,-473522.49835143867,0.0,-561588.6068430798,-139532.5873081992,32757.580251494423
9.995976625058432,-66.08555483592659,-505.00937583933484,-1189539.9870466788,-606011.2510072018,-66085.55483592658,-598620.5639068077,0.0,-574665.8414723463,-132171.10967185316,28941.34247642057,-3864652.3295863504,-473128.66581714957,-29.738499676166967,-473128.66555638844,0.0,-561121.528710372,-146856.78852428132,36111.398663971224
10.027709884185603,-69.31490283127519,-504.57627222165104,-1247668.2509629535,-605491.5266659813,-69314.90283127519,-598095.045843431,0.0,-574172.9994246373,-138629.80566255038,31718.897568071843,-4053503.089548257,-472722.9035747066,-31.191706274073834,-472722.9033029999,0.0,-560640.3024685011,-154033.11740283377,39532.29669264634
10.059443143312771,-72.47445659504562,-504.13214873171864,-1304540.2187108214,-604958.5784780624,-72474.45659504562,-597529.347790408,0.0,-573667.6175223005,-144948.91319009123,34544.194971863064,-4238272.315499744,-472306.8171329439,-32.61350546777052,-472306.816850509,0.0,-560146.8319241318,-161054.34798899028,43004.935734266706
10.091176402439942,-75.56103472442179,-503.6787669487186,-1360098.6250395924,-604414.5203384623,-75561.03472442178,-596933.2195255933,0.0,-573151.7003209555,-151122.06944884357,37405.010029907105,-4418773.960492503,-471882.0568644041,-34.0024656259898,-471882.0565714729,0.0,-559643.0743874651,-167913.4104987151,46514.18886575586
10.12290966156711,-78.57152929686522,-503.2179299543675,-1414287.5273435742,-603861.5159452411,-78571.52929686522,-596314.2217077482,0.0,-572627.2996032457,-157143.05859373044,40289.23892858863,-4594826.274670481,-471450.3120241541,-35.35718818358935,-471450.31172097265,0.0,-559131.0332826306,-174603.3984374783,50045.20047941536
10.15464292069428,-81.50290899952995,-502.75147545106336,-1467052.3619915391,-603301.770541276,-81502.90899952994,-595678.4937624055,0.0,-572096.5065477616,-163005.8179990599,43184.9466051425,-4766251.9882766055,-471013.3043023749,-36.67630904978847,-471013.30398920225,0.0,-558612.7505011815,-181117.57555451102,53583.437495861144
10.186376179821451,-84.35222218153817,-502.28126866989896,-1518339.999267687,-602737.5224038787,-84352.22218153816,-595031.2192247487,0.0,-571561.4436588504,-168704.44436307633,46080.409545132774,-4932878.490148431,-470572.78118008486,-37.95849998169217,-470572.7808571914,0.0,-558090.29852211,-187449.38262564037,57114.73289750685
10.21810943894862,-87.11659982604078,-501.8091950914773,-1568098.796868734,-602171.0341097728,-87116.5998260408,-594376.9174063045,0.0,-571024.256483405,-174233.19965208156,48964.15377857542,-5094538.001522853,-470130.50910948234,-39.20246992171835,-470130.5087771509,0.0,-557565.7723238637,-193592.44405786842,60625.32236148551
10.24984269807579,-89.79325843907668,-501.337153004343,-1616278.6519033802,-601604.5836052116,-89793.25843907667,-593719.631150176,0.0,-570487.105142873,-179586.51687815334,51824.98842282646,-5251067.744975245,-469688.2665421553,-40.4069662975845,-469688.2662006798,0.0,-557041.2811159367,-199540.5743090593,64101.87477400777
10.281575957202959,-92.37950285231288,-500.86704592772554,-1662831.051341632,-601040.4551132707,-92379.50285231287,-593063.0501639309,0.0,-569952.1557108599,-184759.00570462574,54652.035142928886,-5402310.108322391,-469247.8368301692,-41.57077628354079,-469247.8364798529,0.0,-556518.939919695,-205287.78411625084,67531.5173861151
10.31330921633013,-94.87272893685261,-500.4007749271391,-1707709.120863347,-600480.9299125669,-94872.7289368526,-592410.5931620318,0.0,-569421.5714688132,-189745.45787370522,57434.75390801695,-5548112.803324714,-468811.00102677435,-42.692728021583676,-468811.00066793244,0.0,-556000.8610301545,-210828.28652633913,70901.85633068194
10.345042475457298,-97.27042622536894,-499.940230853191,-1750867.672056641,-599928.2770238292,-97270.42622536892,-591765.4629563714,0.0,-568897.5040743207,-194540.85245073785,60162.965418525855,-5688329.019027424,-468379.5306151708,-43.77169180141601,-468379.5302481246,0.0,-555489.1453924344,-216156.5027230421,74200.99316825107
10.376775734584468,-99.57018043993793,-499.48728653566855,-1792263.2479188829,-599384.7438428022,-99570.18043993793,-591130.6833623903,0.0,-568382.0846785193,-199140.36087987587,62826.87056617247,-5822817.569587014,-467955.1801953738,-44.806581197972065,-467955.17982045654,0.0,-554985.8739285206,-221267.06764430652,77417.53806988272
10.408508993711639,-101.76967592300645,-499.0437889665927,-1831854.1666141162,-598852.5467599112,-101769.67592300643,-590509.1236350898,0.0,-567877.4150309501,-203539.3518460129,65417.06726927572,-5951443.036433126,-467539.6801607432,-45.796354165352895,-467539.67977829557,0.0,-554493.0988517697,-226154.83538445877,80540.62018243311
10.440242252838807,-103.86669796906624,-498.61155150739296,-1869600.5634431923,-598333.8618088715,-103866.69796906623,-589903.5142094477,0.0,-567385.5586118608,-207733.39593813245,67924.5650022141,-6074075.904623757,-467134.7293971114,-46.74001408607981,-467134.72900748206,0.0,-554012.8350082145,-230814.88437570276,83559.89565871278
10.471975511965978,-105.85913505467447,-498.1923461566657,-1905464.4309841408,-597830.8153879988,-105859.13505467447,-589316.4562961343,0.0,-566908.531833447,-211718.27010934893,70340.79731124727,-6190592.6932558175,-466741.9880386695,-47.63661077460351,-466741.98764221463,0.0,-553547.0512851841,-235242.52234372104,86465.55377379816
10.503708771093146,-107.7449809645766,-497.7878959160717,-1939409.6573623787,-597345.4750992861,-107744.98096457659,-588750.4270939135,0.0,-566448.2953527711,-215489.96192915319,72657.63258110802,-6300876.079799802,-466363.07031579834,-48.485241434059475,-466363.069912883,0.0,-553097.6621289686,-239433.29103239244,89248.3214910475
10.535442030220317,-109.5223368117995,-497.3998672927945,-1971402.0626123913,-596879.8407513534,-109522.33681179951,-588207.7818601083,0.0,-566006.7455400764,-219044.673623599,74867.38328874653,-6404815.01823389,-465999.5375308379,-49.28505156530977,-465999.5371218305,0.0,-552666.5192142162,-243382.9706928878,91899.46678801347
10.567175289347485,-111.18941294966332,-497.0298629775842,-2001409.43309394,-596435.835573101,-111189.41294966332,-587690.7537314534,0.0,-565585.706146906,-222378.82589932662,76962.81395319244,-6502304.850857506,-465652.8911983592,-50.03523582734849,-465652.8907836387,0.0,-552255.4033084268,-247087.58433258516,94410.80100394582
10.598908548474656,-112.74453077380967,-496.67941473771623,-2029401.5539285743,-596015.2976852595,-112744.53077380967,-587201.4519491785,0.0,-565186.9202187804,-225489.06154761932,78937.14796442637,-6593247.413673081,-465324.566386783,-50.735038848214344,-465324.56596673094,0.0,-551866.0163752403,-250543.40171957706,96774.6804273139
10.630641807601826,-114.18612441241153,-496.3499765641982,-2055350.2394234077,-595619.9718770379,-114186.12441241153,-586741.858976471,0.0,-564812.0422971909,-228372.24882482307,80784.07344965736,-6677551.135228745,-465015.9252981957,-51.38375598558518,-465015.9248732012,0.0,-551499.9739602202,-253746.9431386923,98984.00730351725
10.662375066728995,-115.51274230287373,-496.04291811221003,-2079229.3614517276,-595251.501734652,-115512.74230287374,-586313.8268794212,0.0,-564462.6309552733,-231025.48460574745,82497.74831294984,-6755131.128823026,-464728.25112288835,-51.98073403629317,-464728.25069334544,0.0,-551158.7979024556,-256694.98289527497,101032.23040974332
10.694108325856165,-116.72304865343229,-495.7595184730751,-2101014.8757617814,-594911.4221676901,-116723.04865343228,-585919.0732585047,0.0,-564140.1417107405,-233446.09730686457,84072.8045637203,-6825909.277978497,-464462.7422044963,-52.525371894044525,-464462.7417708039,0.0,-550843.9094145279,-259384.55256318286,102913.34531531221
10.725841584983334,-117.81582478818666,-495.5009603149989,-2120684.8461873597,-594601.1523779987,-117815.82478818667,-585559.1769562255,0.0,-563845.9203584469,-235631.6495763733,85504.35203136713,-6889814.315098636,-464220.50655062665,-53.01712115468399,-464220.5061131865,0.0,-550556.622572221,-261812.94397374813,104621.89442156442
10.757574844110504,-118.78997037419839,-495.26832442838895,-2138219.466735571,-594321.9893140667,-118789.9703741984,-585235.5737208503,0.0,-563581.196763339,-237579.94074839677,86787.98154710373,-6946781.893227977,-464002.5567225269,-53.45548666838927,-464002.55628174497,0.0,-550298.1382537655,-263977.71194266307,106152.96685492748
10.789308103237673,-119.64450452943852,-495.06258470976377,-2153601.0815298934,-594075.1016517165,-119644.50452943853,-584949.5519713972,0.0,-563347.0791524897,-239289.00905887704,87919.76765995187,-6996754.650844359,-463809.805135654,-53.84002703824733,-463809.80469194194,0.0,-550069.5385664043,-265876.6767320856,107502.19826995104
10.821041362364843,-120.37856681044764,-494.88460361610504,-2166814.202588057,-593861.5243393261,-120378.56681044764,-584702.2487820704,0.0,-563144.5489424643,-240757.13362089527,88896.27094153635,-7039682.269616822,-463643.0598009887,-54.17035506470143,-463643.0593547588,0.0,-549871.7817956723,-267507.9262454392,108665.77060524205
10.852774621492014,-120.99141807873286,-494.7351281189806,-2177845.5254171914,-593682.1537427767,-120991.41807873285,-584494.6461827743,0.0,-562974.4561353915,-241982.83615746573,89714.53992384532,-7075521.525072099,-463503.0205345705,-54.446138135429784,-463503.0200862377,0.0,-549705.6979099785,-268869.8179527397,109640.4118241999
10.884507880619182,-121.48244124501612,-494.61478618492396,-2186683.9424102902,-593537.7434219088,-121482.44124501612,-584327.5678547277,0.0,-562837.5153138788,-242964.88249003224,90372.11270511022,-7104236.330117903,-463390.27566006704,-54.66709856025725,-463390.2752100504,0.0,-549571.9846499155,-269960.98054448026,110423.39566363866
10.916241139746353,-121.85114189059101,-494.52408380539555,-2193320.554030638,-593428.9005664747,-121851.14189059101,-584201.6762852921,0.0,-562734.302261312,-243702.28378118202,90867.01825139468,-7125797.771379592,-463305.29922623077,-54.83301385076595,-463305.2987749493,0.0,-549471.2042282172,-270780.3153124245,111012.54140663188
10.947974398873521,-122.0971487651613,-494.4634025962133,-2197748.6777729033,-593356.0831154559,-122097.14876516128,-584117.470433219,0.0,-562665.2512301736,-244194.29753032257,91197.77741506358,-7140184.138313527,-463248.44875787495,-54.943716944322574,-463248.44830574933,0.0,-549403.7806624592,-271326.997255914,111406.21369076794
10.979707658000692,-122.22021416065711,-494.43299798266895,-2199963.8548918283,-593319.5975792027,-122220.2141606571,-584075.283943941,0.0,-562630.6528768301,-244440.4283213142,91363.40368588321,-7147380.945067667,-463219.96355556155,-54.999096372295696,-463219.9631030136,0.0,-549369.9977585211,-271600.47591257136,111603.32235920843
11.01144091712786,-122.2202141606569,-494.432997982669,-2199963.8548918245,-593319.5975792028,-122220.2141606569,-584075.2839439412,0.0,-562630.6528768301,-244440.42832131378,91363.40368588298,-7147380.945067655,-463219.9635555616,-54.9990963722956,-463219.96310301404,0.0,-549369.9977585211,-271600.4759125709,111603.32235920813
11.04317417625503,-122.0971487651613,-494.4634025962133,-2197748.6777729033,-593356.0831154559,-122097.14876516128,-584117.470433219,0.0,-562665.2512301736,-244194.29753032257,91197.77741506358,-7140184.138313527,-463248.44875787495,-54.943716944322574,-463248.44830574933,0.0,-549403.7806624592,-271326.997255914,111406.21369076794
11.074907435382201,-121.85114189059101,-494.52408380539555,-2193320.554030638,-593428.9005664747,-121851.14189059101,-584201.6762852921,0.0,-562734.302261312,-243702.28378118202,90867.01825139468,-7125797.771379592,-463305.29922623077,-54.83301385076595,-463305.2987749493,0.0,-549471.2042282172,-270780.3153124245,111012.54140663188
11.10664069450937,-121.48244124501612,-494.61478618492396,-2186683.9424102902,-593537.7434219088,-121482.44124501612,-584327.5678547277,0.0,-562837.5153138788,-242964.88249003224,90372.11270511022,-7104236.330117903,-463390.27566006704,-54.66709856025725,-463390.2752100504,0.0,-549571.9846499155,-269960.98054448026,110423.39566363866
11.13837395363654,-120.99141807873264,-494.73512811898064,-2177845.5254171877,-593682.1537427767,-120991.41807873265,-584494.6461827743,0.0,-562974.4561353916,-241982.83615746527,89714.53992384498,-7075521.525072085,-463503.02053457056,-54.44613813542969,-463503.0200862377,0.0,-549705.6979099785,-268869.8179527392,109640.41182419949
11.170107212763709,-120.37856681044741,-494.8846036161051,-2166814.202588054,-593861.5243393262,-120378.5668104474,-584702.2487820704,0.0,-563144.5489424643,-240757.1336208948,88896.27094153606,-7039682.269616809,-463643.05980098876,-54.17035506470134,-463643.0593547588,0.0,-549871.7817956724,-267507.9262454387,108665.7706052417
11.201840471890879,-119.64450452943852,-495.06258470976377,-2153601.0815298934,-594075.1016517165,-119644.50452943853,-584949.5519713972,0.0,-563347.0791524897,-239289.00905887704,87919.76765995187,-6996754.650844359,-463809.805135654,-53.84002703824733,-463809.80469194194,0.0,-550069.5385664043,-265876.6767320856,107502.19826995104
11.233573731018048,-118.78997037419863,-495.2683244283889,-2138219.4667355753,-594321.9893140667,-118789.97037419863,-585235.5737208503,0.0,-563581.196763339,-237579.94074839726,86787.98154710408,-6946781.893227992,-464002.55672252685,-53.45548666838938,-464002.55628174497,0.0,-550298.1382537654,-263977.71194266365,106152.96685492789
11.265306990145218,-117.81582478818618,-495.500960314999,-2120684.8461873513,-594601.1523779988,-117815.82478818618,-585559.176956226,0.0,-563845.920358447,-235631.64957637232,85504.35203136649,-6889814.315098608,-464220.5065506268,-53.01712115468377,-464220.5061131865,0.0,-550556.6225722211,-261812.94397374705,104621.89442156366
11.297040249272387,-116.72304865343229,-495.7595184730751,-2101014.8757617814,-594911.4221676901,-116723.04865343228,-585919.0732585047,0.0,-564140.1417107405,-233446.09730686457,84072.8045637203,-6825909.277978497,-464462.7422044963,-52.525371894044525,-464462.7417708039,0.0,-550843.9094145279,-259384.55256318286,102913.34531531221
11.328773508399557,-115.5127423028735,-496.0429181122101,-2079229.3614517234,-595251.5017346521,-115512.74230287349,-586313.8268794214,0.0,-564462.6309552734,-231025.484605747,82497.74831294955,-6755131.128823013,-464728.2511228884,-51.98073403629307,-464728.25069334544,0.0,-551158.7979024557,-256694.98289527447,101032.23040974297
11.360506767526726,-114.18612441241177,-496.34997656419813,-2055350.2394234121,-595619.9718770378,-114186.12441241177,-586741.8589764708,0.0,-564812.0422971909,-228372.24882482353,80784.07344965765,-6677551.13522876,-465015.9252981956,-51.38375598558529,-465015.9248732012,0.0,-551499.9739602201,-253746.94313869282,98984.0073035176
11.392240026653896,-112.74453077380993,-496.6794147377162,-2029401.5539285787,-596015.2976852594,-112744.53077380994,-587201.4519491786,0.0,-565186.9202187804,-225489.06154761987,78937.14796442672,-6593247.413673095,-465324.5663867829,-50.735038848214465,-465324.5659667305,0.0,-551866.0163752402,-250543.4017195776,96774.68042731425
11.423973285781067,-111.18941294966332,-497.0298629775842,-2001409.43309394,-596435.835573101,-111189.41294966332,-587690.7537314534,0.0,-565585.706146906,-222378.82589932662,76962.81395319244,-6502304.850857506,-465652.8911983592,-50.03523582734849,-465652.8907836387,0.0,-552255.4033084268,-247087.58433258516,94410.80100394582
11.455706544908235,-109.52233681180002,-497.3998672927944,-1971402.0626124004,-596879.8407513533,-109522.33681180002,-588207.781860108,0.0,-566006.7455400762,-219044.6736236,74867.38328874717,-6404815.0182339195,-465999.53753083776,-49.28505156531,-465999.537121831,0.0,-552666.519214216,-243382.97069288892,91899.46678801428
11.487439804035406,-107.74498096457687,-497.78789591607165,-1939409.6573623838,-597345.4750992861,-107744.98096457685,-588750.4270939135,0.0,-566448.2953527711,-215489.9619291537,72657.63258110837,-6300876.079799818,-466363.0703157983,-48.48524143405959,-466363.069912883,0.0,-553097.6621289685,-239433.29103239306,89248.32149104791
11.519173063162576,-105.85913505467474,-498.1923461566656,-1905464.4309841453,-597830.8153879987,-105859.13505467474,-589316.4562961342,0.0,-566908.5318334469,-211718.27010934945,70340.79731124762,-6190592.693255832,-466741.98803866946,-47.636610774603625,-466741.98764221463,0.0,-553547.051285184,-235242.52234372165,86465.55377379857
11.550906322289745,-103.86669796906651,-498.6115515073929,-1869600.5634431974,-598333.8618088715,-103866.6979690665,-589903.5142094478,0.0,-567385.5586118607,-207733.39593813298,67924.5650022144,-6074075.904623774,-467134.72939711134,-46.74001408607992,-467134.72900748206,0.0,-554012.8350082143,-230814.88437570335,83559.89565871318
11.582639581416913,-101.76967592300645,-499.0437889665927,-1831854.1666141162,-598852.5467599112,-101769.67592300643,-590509.1236350898,0.0,-567877.4150309501,-203539.3518460129,65417.06726927572,-5951443.036433126,-467539.6801607432,-45.796354165352895,-467539.67977829557,0.0,-554493.0988517697,-226154.83538445877,80540.62018243311
11.614372840544084,-99.57018043993764,-499.4872865356686,-1792263.2479188778,-599384.7438428024,-99570.18043993766,-591130.6833623904,0.0,-568382.0846785193,-199140.36087987528,62826.87056617212,-5822817.569586997,-467955.18019537383,-44.80658119797194,-467955.17982045654,0.0,-554985.8739285207,-221267.06764430588,77417.53806988231
11.646106099671254,-97.2704262253695,-499.9402308531909,-1750867.6720566512,-599928.277023829,-97270.4262253695,-591765.4629563714,0.0,-568897.5040743205,-194540.85245073898,60162.965418526495,-5688329.019027457,-468379.53061517066,-43.77169180141627,-468379.5302481246,0.0,-555489.1453924343,-216156.50272304335,74200.99316825188
11.677839358798423,-94.87272893685231,-500.40077492713914,-1707709.1208633417,-600480.929912567,-94872.7289368523,-592410.5931620321,0.0,-569421.5714688133,-189745.45787370464,57434.7539080166,-5548112.803324697,-468811.0010267744,-42.69272802158354,-468811.00066793244,0.0,-556000.8610301546,-210828.2865263385,70901.85633068159
11.709572617925593,-92.3795028523132,-500.8670459277255,-1662831.0513416375,-601040.4551132706,-92379.50285231319,-593063.0501639307,0.0,-569952.1557108599,-184759.00570462638,54652.035142929235,-5402310.108322409,-469247.83683016914,-41.57077628354094,-469247.8364798529,0.0,-556518.939919695,-205287.78411625154,67531.51738611556
11.741305877052762,-89.79325843907698,-501.33715300434295,-1616278.6519033858,-601604.5836052116,-89793.25843907698,-593719.631150176,0.0,-570487.1051428729,-179586.51687815395,51824.98842282675,-5251067.744975262,-469688.2665421553,-40.40696629758464,-469688.2662006803,0.0,-557041.2811159366,-199540.57430905997,64101.874774008174
11.773039136179932,-87.11659982604044,-501.80919509147736,-1568098.796868728,-602171.0341097729,-87116.59982604044,-594376.9174063046,0.0,-571024.2564834051,-174233.1996520809,48964.15377857507,-5094538.0015228335,-470130.5091094824,-39.2024699217182,-470130.50877715135,0.0,-557565.7723238637,-193592.44405786766,60625.3223614851
11.8047723953071,-84.35222218153784,-502.281268669899,-1518339.999267681,-602737.5224038789,-84352.22218153784,-595031.2192247487,0.0,-571561.4436588505,-168704.44436307566,46080.409545132425,-4932878.490148412,-470572.7811800849,-37.95849998169202,-470572.7808571914,0.0,-558090.29852211,-187449.38262563964,57114.732897506445
11.836505654434271,-81.50290899953029,-502.7514754510633,-1467052.3619915454,-603301.770541276,-81502.9089995303,-595678.4937624056,0.0,-572096.5065477616,-163005.8179990606,43184.946605142846,-4766251.988276626,-471013.30430237483,-36.67630904978863,-471013.30398920225,0.0,-558612.7505011815,-181117.57555451177,53583.43749586161
11.868238913561441,-78.57152929686522,-503.2179299543675,-1414287.5273435742,-603861.5159452411,-78571.52929686522,-596314.2217077482,0.0,-572627.2996032457,-157143.05859373044,40289.23892858863,-4594826.274670481,-471450.3120241541,-35.35718818358935,-471450.31172097265,0.0,-559131.0332826306,-174603.3984374783,50045.20047941536
11.89997217268861,-75.56103472442253,-503.6787669487185,-1360098.6250396054,-604414.5203384621,-75561.03472442253,-596933.2195255932,0.0,-573151.7003209552,-151122.06944884505,37405.010029907804,-4418773.960492546,-471882.05686440406,-34.00246562599013,-471882.05657147313,0.0,-559643.074387465,-167913.41049871672,46514.188865756674
11.93170543181578,-72.47445659504642,-504.13214873171853,-1304540.2187108356,-604958.5784780622,-72474.45659504642,-597529.3477904077,0.0,-573667.6175223003,-144948.91319009283,34544.19497186382,-4238272.315499791,-472306.81713294383,-32.613505467770885,-472306.816850509,0.0,-560146.8319241317,-161054.34798899206,43004.93573426758
11.963438690942949,-69.31490283127559,-504.576272221651,-1247668.2509629608,-605491.5266659812,-69314.90283127558,-598095.0458434308,0.0,-574172.9994246372,-138629.80566255117,31718.89756807225,-4053503.08954828,-472722.9035747065,-31.191706274074008,-472722.9033029997,0.0,-560640.3024685011,-154033.11740283464,39532.29669264675
11.99517195007012,-66.08555483592659,-505.00937583933484,-1189539.9870466788,-606011.2510072018,-66085.55483592658,-598620.5639068077,0.0,-574665.8414723463,-132171.10967185316,28941.34247642057,-3864652.3295863504,-473128.66581714957,-29.738499676166967,-473128.66555638844,0.0,-561121.528710372,-146856.78852428132,36111.398663971224
12.026905209197288,-62.789664288689636,-505.42974615877176,-1130213.9571964135,-606515.6953905261,-62789.66428868964,-599092.641884992,0.0,-575144.1939048092,-125579.32857737927,26223.82193684514,-3671910.192321032,-473522.4986010534,-28.255348929910333,-473522.49835143867,0.0,-561588.6068430798,-139532.5873081992,32757.580251494423
12.058638468324459,-59.43054987196666,-505.83572430733136,-1069749.8976954,-607002.8691687976,-59430.549871966665,-599492.1157193959,0.0,-575606.169039377,-118861.09974393332,23578.63699168124,-3475470.752746589,-473902.84777666954,-26.743747442385,-473902.8475383846,0.0,-562039.6936748127,-132067.88860437035,29486.323015844217
12.090371727451629,-56.01159392923492,-506.22571209798633,-1008208.6907262288,-607470.8545175836,-56011.59392923492,-599789.2931781177,0.0,-576049.9482494326,-112023.18785846984,21018.033137246384,-3275531.8087271885,-474268.21604883455,-25.205217268155707,-474268.21582204266,0.0,-562473.013442207,-124470.20873163316,26313.17312653613
12.122104986578798,-52.53623905931461,-506.59817787780224,-945652.303067663,-607917.8134533627,-52536.23905931461,-599934.2658301268,0.0,-576473.788619568,-105072.47811862922,18554.130492669123,-3072294.6818312644,-474617.1684562507,-23.641307576691574,-474617.1682410927,0.0,-562886.8643086692,-116747.19790958802,23253.653034467367
12.153838245705968,-49.007984649969515,-506.9516620785015,-882143.7236994513,-608341.9944942017,-49007.98464996951,-599834.3679816311,0.0,-576876.0292617428,-98015.96929993904,16198.8487359992,-2865964.0146181006,-474948.3375716484,-22.05359309248628,-474948.3373682364,0.0,-563279.6245316684,-108906.63255548781,20323.163060132472
12.185571504833137,-45.430383354310344,-507.2847824564494,-817746.9003775863,-608741.7389477394,-45430.38335431034,-599293.8518803904,0.0,-577255.0972780285,-90860.76670862068,13963.827246427885,-2656747.564579552,-475260.428410978,-20.44367250943965,-475260.42821939127,0.0,-563649.7582849438,-100956.40745402299,17536.873106695013
12.217304763960307,-41.807037513581044,-507.5962390108351,-752526.675244459,-609115.4868130021,-41807.03751358104,-597817.9447777872,0.0,-577609.5133571571,-83614.0750271621,11860.34110102884,-2444855.9949462605,-475552.22304111056,-18.813166881111467,-475552.2228613846,0.0,-563995.8211231502,-92904.52780795787,14909.605086502968
12.249038023087476,-38.141595529907896,-507.88481857015546,-686548.7195383422,-609461.7822841866,-38141.59552990789,-593779.977436863,0.0,-577937.8969936251,-76283.19105981578,9899.213798240002,-2230502.6625677133,-475822.58487678226,-17.16371798845855,-475822.5847088923,0.0,-564316.4650779505,-84759.1011775731,12455.707087018178
12.280771282214646,-34.43774819266115,-508.1493990383396,-619879.4674679006,-609779.2788460075,-34437.74819266114,-580023.3111399636,0.0,-578238.9713194898,-68875.49638532229,8090.727809577133,-2013903.4030795994,-476070.4626586654,-15.496986686697515,-476070.4625024998,0.0,-564610.4433759329,-76528.32931702478,10188.920783890353
12.312504541341816,-30.69922496214457,-508.38895329297867,-552586.0493186023,-610066.7439515744,-30699.224962144566,-539273.4540846722,0.0,-578511.567540286,-61398.44992428914,6444.534284446097,-1795276.313575706,-476294.894105507,-13.814651232965055,-476294.8939608162,0.0,-564876.6147699764,-68220.49991587682,8122.244113781548
12.344237800468985,-26.929790214355286,-508.6025527291597,-484736.2238583952,-610323.0632749916,-26929.790214355286,-479205.2177758265,0.0,-578754.6289676643,-53859.58042871058,4969.563437153178,-1574841.5330032331,-476495.0092342443,-12.118405596459876,-476495.009100538,0.0,-565113.9474768441,-59843.978254122856,6267.791718931403
12.375971059596155,-23.13323945056021,-508.78937044333964,-416398.3101100838,-610547.2445320076,-23133.239450560213,-413679.9972627215,0.0,-578967.2146424208,-46266.47890112042,3673.937315813324,-1352821.020500597,-476670.033342884,-10.409957752752096,-476670.03321919835,0.0,-565321.5227148219,-51407.19877902269,4636.656134388293
12.407704318723324,-19.31339547555847,-508.94868405253936,-347641.1185600525,-610738.4208630472,-19313.395475558467,-346230.92320416745,0.0,-579148.5025425446,-38626.79095111694,2564.886775137391,-1129438.331904004,-476819.2896517236,-8.69102796400131,-476819.2895359838,0.0,-565498.5378361548,-42918.656612352155,3238.773068150156
12.439437577850494,-15.474104548440277,-509.07987814490446,-278533.88187192497,-610895.8537738854,-15474.104548440275,-277814.9936371649,0.0,-579297.7923717876,-30948.20909688055,1648.6745352004655,-904918.3946456303,-476942.20159921097,-6.963347046798123,-476942.2014859145,0.0,-565644.3090498939,-34386.89899653395,2082.79438386159
12.471170836977663,-11.619232509723387,-509.18244635836754,-209146.18517502095,-611018.935630041,-11619.232509723386,-208810.52197273387,0.0,-579414.5079250388,-23238.465019446772,930.5261951258872,-679487.2812703735,-477038.2947893827,-5.228654629375524,-477038.29465434223,0.0,-565758.2737315195,-25820.516688274194,1175.9724985442008
12.502904096104833,-7.752660888787653,-509.25599308476507,-139547.8959981778,-611107.191701718,-7752.660888787654,-139420.4729682949,0.0,-579498.1990274912,-15505.321777575306,414.5709766392247,-453371.98180044757,-477107.19858840195,-3.488697399954443,-453371.9812876648,0.0,-565839.9923164056,-17228.135308417008,524.0598252709606
12.534637355232004,-3.8782829955145157,-509.30023479732813,-69809.09391926129,-611160.2817567937,-3878.282995514516,-69781.31101706845,0.0,-579548.5430452353,-7756.5659910290315,103.79379526205594,-226800.17517628748,-477148.64736824617,-1.745227347981532,-226800.17516412114,0.0,-565889.149774809,-8618.406656698924,131.22660667286254
12.566370614359172,-0.0,-509.31500099997726,-0.0,-611178.0011999727,-0.0,0.0,0.0,-579565.3459654911,-0.0,0.0,-0.0,-477162.48139607377,-0.0,0.0,0.0,-565905.5566666414,-0.0,0.0
